0.0,0.0,0.07449540495872498,-0.055005013942718506,0.13542509078979492,-0.1276807188987732,0.1931338906288147,-0.188357412815094,0.24165135622024536,-0.21202218532562256,0.09632948040962219,-0.24565422534942627,0.1048927903175354,-0.31151875853538513,0.09437951445579529,-0.23141878843307495,0.08689224720001221,-0.19597744941711426,0.04796719551086426,-0.25508856773376465,0.058208584785461426,-0.3102247714996338,0.05454495549201965,-0.2132156491279602,0.04853302240371704,-0.19765949249267578,-0.0007028877735137939,-0.24686941504478455,0.01067689061164856,-0.3037988543510437,0.015170156955718994,-0.2180384397506714,0.009301215410232544,-0.19632840156555176,-0.04671132564544678,-0.22867071628570557,-0.03808850049972534,-0.28334397077560425,-0.022467434406280518,-0.2275005578994751,-0.02413317561149597,-0.20599722862243652,A
0.0,0.0,0.07388541102409363,-0.054930806159973145,0.13486698269844055,-0.12764757871627808,0.19205251336097717,-0.18896406888961792,0.24215278029441833,-0.21092963218688965,0.0960930585861206,-0.25169193744659424,0.1018252968788147,-0.3153223395347595,0.09358006715774536,-0.2348652184009552,0.08855080604553223,-0.19823682308197021,0.046205997467041016,-0.2603166699409485,0.05416122078895569,-0.31473520398139954,0.054669857025146484,-0.21663087606430054,0.051615387201309204,-0.19621193408966064,-0.0029482245445251465,-0.25123924016952515,0.004622966051101685,-0.3083874583244324,0.013033509254455566,-0.22130513191223145,0.01068773865699768,-0.1953604817390442,-0.048628270626068115,-0.2303435206413269,-0.04486379027366638,-0.2853810489177704,-0.02687215805053711,-0.2320992350578308,-0.02462819218635559,-0.20886141061782837,A
0.0,0.0,0.07243037223815918,-0.052993059158325195,0.1342858076095581,-0.12793821096420288,0.1915227770805359,-0.18882614374160767,0.24138885736465454,-0.21170860528945923,0.09485426545143127,-0.250205934047699,0.10007819533348083,-0.314330130815506,0.09140768647193909,-0.2328932285308838,0.08598101139068604,-0.19742101430892944,0.045244187116622925,-0.25773972272872925,0.05405145883560181,-0.31480616331100464,0.05374416708946228,-0.21614867448806763,0.049704521894454956,-0.19564199447631836,-0.003952145576477051,-0.24872687458992004,0.004710644483566284,-0.307358980178833,0.012174725532531738,-0.21846550703048706,0.008162111043930054,-0.19309723377227783,-0.05082583427429199,-0.22913497686386108,-0.044680118560791016,-0.2849123477935791,-0.027969539165496826,-0.22927790880203247,-0.028237104415893555,-0.20404374599456787,A
0.0,0.0,0.07089206576347351,-0.050723254680633545,0.13334426283836365,-0.1276475191116333,0.19012704491615295,-0.18870949745178223,0.23967817425727844,-0.21095776557922363,0.09390991926193237,-0.2496492564678192,0.09765088558197021,-0.3139382004737854,0.08924621343612671,-0.23263323307037354,0.08439832925796509,-0.1989092230796814,0.044616878032684326,-0.25650960206985474,0.052583128213882446,-0.3138129413127899,0.05201447010040283,-0.21569573879241943,0.04850545525550842,-0.19798845052719116,-0.004265159368515015,-0.24825793504714966,0.0033247172832489014,-0.3069271445274353,0.010338187217712402,-0.21895450353622437,0.0067109763622283936,-0.1958346962928772,-0.05111446976661682,-0.23063653707504272,-0.045107096433639526,-0.2834892272949219,-0.029753535985946655,-0.22917389869689941,-0.030030101537704468,-0.20533156394958496,A
0.0,0.0,0.07085299491882324,-0.04947221279144287,0.13236474990844727,-0.12500298023223877,0.188640296459198,-0.18620896339416504,0.23822945356369019,-0.20889967679977417,0.0935676097869873,-0.24756422638893127,0.0975256860256195,-0.31138134002685547,0.09013918042182922,-0.23067063093185425,0.08520039916038513,-0.19468307495117188,0.04377603530883789,-0.2544349431991577,0.05116322636604309,-0.31085240840911865,0.05238118767738342,-0.21260946989059448,0.04880005121231079,-0.19246387481689453,-0.005074888467788696,-0.2457686960697174,0.001325368881225586,-0.303291916847229,0.010179519653320312,-0.2160307765007019,0.006940484046936035,-0.19130456447601318,-0.05188882350921631,-0.22753024101257324,-0.04754823446273804,-0.28081434965133667,-0.03064882755279541,-0.22773855924606323,-0.029244691133499146,-0.2035151720046997,A
0.0,0.0,0.07101252675056458,-0.050532639026641846,0.13210579752922058,-0.12519431114196777,0.18841686844825745,-0.1860855221748352,0.23738029599189758,-0.20894122123718262,0.0938708484172821,-0.24751144647598267,0.09709769487380981,-0.3101043105125427,0.08951768279075623,-0.22974807024002075,0.08468160033226013,-0.19483739137649536,0.043787211179733276,-0.2545269727706909,0.05035400390625,-0.30961814522743225,0.051464617252349854,-0.21195584535598755,0.04848426580429077,-0.19305670261383057,-0.005058884620666504,-0.2458399534225464,0.000677943229675293,-0.30210238695144653,0.009142488241195679,-0.2156239151954651,0.006415188312530518,-0.19270068407058716,-0.05136975646018982,-0.22726911306381226,-0.047209233045578,-0.27850356698036194,-0.031179696321487427,-0.22505497932434082,-0.030297309160232544,-0.2027055025100708,A
0.0,0.0,0.07158920168876648,-0.05268126726150513,0.13234785199165344,-0.12697070837020874,0.1893664300441742,-0.18865889310836792,0.23903444409370422,-0.21181565523147583,0.09391745924949646,-0.2499234974384308,0.09805795550346375,-0.3119124472141266,0.09039783477783203,-0.23172128200531006,0.08541706204414368,-0.19766783714294434,0.04384264349937439,-0.25767236948013306,0.05126458406448364,-0.31201696395874023,0.05244910717010498,-0.2142278552055359,0.049104660749435425,-0.1953480839729309,-0.005306631326675415,-0.24832043051719666,0.0014289319515228271,-0.3037952780723572,0.010285556316375732,-0.216808021068573,0.007628649473190308,-0.19335061311721802,-0.05114489793777466,-0.22794365882873535,-0.046758949756622314,-0.2811286449432373,-0.02945619821548462,-0.22655653953552246,-0.02863141894340515,-0.20381474494934082,A
0.0,0.0,0.07085362076759338,-0.05257934331893921,0.13202813267707825,-0.12784028053283691,0.18918517231941223,-0.18903928995132446,0.23852869868278503,-0.21250659227371216,0.09348329901695251,-0.251041054725647,0.09708115458488464,-0.31297677755355835,0.08927923440933228,-0.23223501443862915,0.0845440924167633,-0.19848686456680298,0.043711334466934204,-0.2579321265220642,0.05112329125404358,-0.3135145306587219,0.05152997374534607,-0.21531438827514648,0.04816076159477234,-0.19657325744628906,-0.005319565534591675,-0.24823477864265442,0.0020413994789123535,-0.30467596650123596,0.010075956583023071,-0.21707040071487427,0.007039368152618408,-0.19387269020080566,-0.05151015520095825,-0.22819674015045166,-0.04677319526672363,-0.2804596424102783,-0.030170917510986328,-0.22594821453094482,-0.0297621488571167,-0.20331883430480957,A
0.0,0.0,0.07045570015907288,-0.05122554302215576,0.13154494762420654,-0.127619206905365,0.18839126825332642,-0.18899226188659668,0.2378934621810913,-0.21188384294509888,0.09315326809883118,-0.2504504323005676,0.09635910391807556,-0.31277453899383545,0.08874410390853882,-0.23195093870162964,0.08388093113899231,-0.1978587508201599,0.04336392879486084,-0.25707709789276123,0.05037432909011841,-0.31314024329185486,0.051172226667404175,-0.21466732025146484,0.04787126183509827,-0.1960093379020691,-0.005636781454086304,-0.24770134687423706,0.0011888742446899414,-0.3042256236076355,0.009543955326080322,-0.21643686294555664,0.00649714469909668,-0.19344735145568848,-0.05195796489715576,-0.22835981845855713,-0.04684227705001831,-0.28030335903167725,-0.030860573053359985,-0.22596514225006104,-0.03089413046836853,-0.20349347591400146,A
0.0,0.0,0.0709247887134552,-0.05058234930038452,0.1330680251121521,-0.12808245420455933,0.1891893744468689,-0.18981313705444336,0.23819971084594727,-0.2127283215522766,0.09296667575836182,-0.24985098838806152,0.09642866253852844,-0.31355810165405273,0.0886620283126831,-0.23191016912460327,0.08412671089172363,-0.19908499717712402,0.04347345232963562,-0.25618308782577515,0.051436811685562134,-0.3128574788570404,0.051526784896850586,-0.21453052759170532,0.04783850908279419,-0.1981627345085144,-0.005457252264022827,-0.24742791056632996,0.001972496509552002,-0.304836630821228,0.0095425546169281,-0.2173200249671936,0.005955547094345093,-0.1963145136833191,-0.052215784788131714,-0.2293635606765747,-0.04630956053733826,-0.2808925211429596,-0.03073456883430481,-0.2268337607383728,-0.031275391578674316,-0.20460104942321777,A
0.0,0.0,0.06984418630599976,-0.04817098379135132,0.1313670575618744,-0.12592124938964844,0.18736860156059265,-0.18816959857940674,0.2368699014186859,-0.21132135391235352,0.09318631887435913,-0.24826595187187195,0.09528657793998718,-0.31321096420288086,0.08817559480667114,-0.23237252235412598,0.08368626236915588,-0.19679325819015503,0.04346546530723572,-0.25451943278312683,0.049591898918151855,-0.3125613331794739,0.050647348165512085,-0.2135184407234192,0.047762542963027954,-0.1950022578239441,-0.0053987205028533936,-0.24608629941940308,0.0003273189067840576,-0.30363520979881287,0.008783310651779175,-0.21550387144088745,0.006145387887954712,-0.19274592399597168,-0.05246955156326294,-0.22887158393859863,-0.047931164503097534,-0.28110045194625854,-0.032519400119781494,-0.22605717182159424,-0.031518250703811646,-0.202320396900177,A
0.0,0.0,0.07124990224838257,-0.05141860246658325,0.13377612829208374,-0.12835180759429932,0.1904449462890625,-0.1902887225151062,0.2395414113998413,-0.21360796689987183,0.09399500489234924,-0.2508966624736786,0.09799766540527344,-0.3143194019794464,0.0900113582611084,-0.23240923881530762,0.08510130643844604,-0.19947779178619385,0.044225841760635376,-0.25760579109191895,0.052628278732299805,-0.3129134774208069,0.05308040976524353,-0.2145724892616272,0.04909995198249817,-0.19870984554290771,-0.00493776798248291,-0.24861040711402893,0.0026377737522125244,-0.30545565485954285,0.010901272296905518,-0.21799474954605103,0.007237792015075684,-0.1974506378173828,-0.05169731378555298,-0.22955548763275146,-0.04608997702598572,-0.2813827395439148,-0.029397040605545044,-0.2276782989501953,-0.02979522943496704,-0.20607322454452515,A
0.0,0.0,0.0706619918346405,-0.05044513940811157,0.1331859529018402,-0.12873995304107666,0.19038674235343933,-0.19050878286361694,0.23959514498710632,-0.21390849351882935,0.09460687637329102,-0.2518383860588074,0.09787753224372864,-0.31546980142593384,0.09047463536262512,-0.23355740308761597,0.08579683303833008,-0.19986355304718018,0.044312477111816406,-0.2581784725189209,0.05186647176742554,-0.314123272895813,0.052776455879211426,-0.21496069431304932,0.049111127853393555,-0.19837844371795654,-0.005033731460571289,-0.2491055727005005,0.0018649697303771973,-0.30538681149482727,0.010641723871231079,-0.2170621156692505,0.007531344890594482,-0.19559383392333984,-0.05197170376777649,-0.2306017279624939,-0.04700353741645813,-0.2821221947669983,-0.030404359102249146,-0.22760385274887085,-0.0300653874874115,-0.20511966943740845,A
0.0,0.0,0.07117292284965515,-0.05231565237045288,0.13369664549827576,-0.1298602819442749,0.1912253201007843,-0.19117802381515503,0.24024423956871033,-0.21494680643081665,0.09429121017456055,-0.25265976786613464,0.09867033362388611,-0.31612420082092285,0.09093150496482849,-0.23386287689208984,0.08611759543418884,-0.2006034255027771,0.044119805097579956,-0.25903311371803284,0.05279874801635742,-0.314445823431015,0.053341418504714966,-0.21525341272354126,0.04929453134536743,-0.1990249752998352,-0.005224019289016724,-0.24963641166687012,0.002807110548019409,-0.30586713552474976,0.0113048255443573,-0.21763765811920166,0.007750511169433594,-0.19640880823135376,-0.05206027626991272,-0.23048359155654907,-0.04633626341819763,-0.2824372947216034,-0.029448330402374268,-0.22800374031066895,-0.02977675199508667,-0.2057895064353943,A
0.0,0.0,0.07174468040466309,-0.05246239900588989,0.134181946516037,-0.12936347723007202,0.1916814148426056,-0.19065356254577637,0.240607351064682,-0.21496272087097168,0.09521710872650146,-0.2524043321609497,0.09943720698356628,-0.3158557415008545,0.09166258573532104,-0.23363137245178223,0.08705505728721619,-0.2002091407775879,0.04484167695045471,-0.2586424946784973,0.053384482860565186,-0.31429925560951233,0.05404600501060486,-0.21515220403671265,0.0501629114151001,-0.19843590259552002,-0.004667073488235474,-0.24916142225265503,0.0032455921173095703,-0.3059317469596863,0.011866062879562378,-0.21756130456924438,0.008521974086761475,-0.19571834802627563,-0.051556527614593506,-0.2299022078514099,-0.046123355627059937,-0.28190308809280396,-0.029070526361465454,-0.22718799114227295,-0.029251843690872192,-0.20476537942886353,A
0.0,0.0,0.0710286796092987,-0.05058002471923828,0.1330353021621704,-0.1274462342262268,0.1901593804359436,-0.1895497441291809,0.2395835518836975,-0.21247023344039917,0.0940650999546051,-0.24929040670394897,0.09823477268218994,-0.31399938464164734,0.09061676263809204,-0.2322927713394165,0.0859575867652893,-0.19869321584701538,0.04405084252357483,-0.2555711269378662,0.051467299461364746,-0.31157755851745605,0.05265402793884277,-0.21288162469863892,0.04937592148780823,-0.1963980793952942,-0.0049040913581848145,-0.24682804942131042,0.001096189022064209,-0.3040408194065094,0.010253041982650757,-0.2158929705619812,0.007960975170135498,-0.19343715906143188,-0.051687538623809814,-0.22882801294326782,-0.0483708381652832,-0.2804637849330902,-0.030578941106796265,-0.22604906558990479,-0.028263896703720093,-0.20244067907333374,A
0.0,0.0,0.0711604654788971,-0.05215877294540405,0.1334628164768219,-0.12871778011322021,0.19088700413703918,-0.19061410427093506,0.24011632800102234,-0.21414214372634888,0.0950096845626831,-0.2506225109100342,0.09864866733551025,-0.3142789602279663,0.09104543924331665,-0.23258286714553833,0.08683475852012634,-0.19991207122802734,0.04491525888442993,-0.25727391242980957,0.0523017942905426,-0.31216761469841003,0.05324140191078186,-0.21391618251800537,0.05011901259422302,-0.1980608105659485,-0.004166275262832642,-0.2482406497001648,0.002083808183670044,-0.30443626642227173,0.01086089015007019,-0.21683430671691895,0.008593201637268066,-0.1953156590461731,-0.05057317018508911,-0.22937917709350586,-0.046962082386016846,-0.2805052101612091,-0.029555797576904297,-0.22619789838790894,-0.028228849172592163,-0.20391565561294556,A
0.0,0.0,0.07097092270851135,-0.05159801244735718,0.13280603289604187,-0.12765121459960938,0.1902962028980255,-0.18952012062072754,0.23968300223350525,-0.21340113878250122,0.09457936882972717,-0.24953880906105042,0.09820437431335449,-0.31350836157798767,0.0906749963760376,-0.23161792755126953,0.0862613320350647,-0.19812119007110596,0.04458719491958618,-0.25616639852523804,0.05185696482658386,-0.31165534257888794,0.05281063914299011,-0.21275544166564941,0.049528807401657104,-0.19614362716674805,-0.004429668188095093,-0.24711307883262634,0.0019637644290924072,-0.30379730463027954,0.010592430830001831,-0.21541541814804077,0.007955729961395264,-0.19357579946517944,-0.051146119832992554,-0.22811639308929443,-0.047212153673172,-0.2792626619338989,-0.030246734619140625,-0.22419649362564087,-0.02942606806755066,-0.20149117708206177,A
0.0,0.0,0.07028892636299133,-0.0500103235244751,0.130577951669693,-0.12697982788085938,0.187334805727005,-0.1889246106147766,0.23691442608833313,-0.21153396368026733,0.09211811423301697,-0.24723899364471436,0.09562656283378601,-0.3117319941520691,0.0886411964893341,-0.23151439428329468,0.08334949612617493,-0.19581151008605957,0.04254502058029175,-0.25304996967315674,0.04900991916656494,-0.309487521648407,0.050427377223968506,-0.21144860982894897,0.04659628868103027,-0.19354254007339478,-0.006119340658187866,-0.24382975697517395,-0.00019747018814086914,-0.30023422837257385,0.008571594953536987,-0.21360504627227783,0.004877299070358276,-0.19213062524795532,-0.05270925164222717,-0.2251870036125183,-0.048307210206985474,-0.2763861417770386,-0.03252667188644409,-0.22272628545761108,-0.032467931509017944,-0.200303316116333,A
0.0,0.0,0.07022953033447266,-0.04918724298477173,0.13097774982452393,-0.12568217515945435,0.1870594620704651,-0.18759220838546753,0.23588979244232178,-0.21134817600250244,0.09261152148246765,-0.2466866374015808,0.09538790583610535,-0.31152623891830444,0.0883110761642456,-0.23090726137161255,0.08352604508399963,-0.19570982456207275,0.043022602796554565,-0.2527334988117218,0.04972869157791138,-0.3101164400577545,0.05101028084754944,-0.2116873860359192,0.04772999882698059,-0.19366830587387085,-0.005691945552825928,-0.24359136819839478,0.00020134449005126953,-0.3009587526321411,0.008931010961532593,-0.21369928121566772,0.005899339914321899,-0.19128316640853882,-0.05233302712440491,-0.22525155544281006,-0.04801219701766968,-0.277272492647171,-0.03185927867889404,-0.22342056035995483,-0.03109145164489746,-0.20034563541412354,A
0.0,0.0,0.07044166326522827,-0.0486910343170166,0.13102203607559204,-0.12476611137390137,0.18687081336975098,-0.18639254570007324,0.23538851737976074,-0.20969653129577637,0.0919332504272461,-0.2463730275630951,0.0948721170425415,-0.3109576106071472,0.08806377649307251,-0.23055675625801086,0.08295238018035889,-0.19473862648010254,0.04270103573799133,-0.25222545862197876,0.048821330070495605,-0.31033188104629517,0.050287723541259766,-0.21211230754852295,0.04694607853889465,-0.1925709843635559,-0.005725204944610596,-0.2430078089237213,5.2362680435180664e-05,-0.3000567853450775,0.008561313152313232,-0.21260285377502441,0.00533023476600647,-0.1893829107284546,-0.05238252878189087,-0.22473198175430298,-0.04795485734939575,-0.27747005224227905,-0.03225582838058472,-0.22260546684265137,-0.03159692883491516,-0.1985967755317688,A
0.0,0.0,0.07064789533615112,-0.04915750026702881,0.1313309669494629,-0.12431973218917847,0.18701010942459106,-0.18634241819381714,0.23510557413101196,-0.20999062061309814,0.09199807047843933,-0.2454763948917389,0.0948229730129242,-0.31075119972229004,0.0880555808544159,-0.2306734025478363,0.08311355113983154,-0.19541865587234497,0.0427359938621521,-0.25157293677330017,0.049222856760025024,-0.30973345041275024,0.050875693559646606,-0.2120158076286316,0.04764723777770996,-0.19322025775909424,-0.005665868520736694,-0.2426847517490387,-0.00010648369789123535,-0.3004339337348938,0.008824586868286133,-0.21321707963943481,0.0059091150760650635,-0.19006723165512085,-0.052347004413604736,-0.22457194328308105,-0.048381924629211426,-0.277702659368515,-0.03173568844795227,-0.22331756353378296,-0.03031289577484131,-0.19931894540786743,A
0.0,0.0,0.0708141028881073,-0.04938638210296631,0.1319330632686615,-0.12499749660491943,0.187484472990036,-0.186712384223938,0.2351038157939911,-0.21006250381469727,0.09218788146972656,-0.24562394618988037,0.09518980979919434,-0.31087595224380493,0.08819720149040222,-0.23043030500411987,0.08308467268943787,-0.19549161195755005,0.04282724857330322,-0.2518010139465332,0.04961755871772766,-0.3096628189086914,0.0510505735874176,-0.2120015025138855,0.04743883013725281,-0.19306790828704834,-0.005627065896987915,-0.24287888407707214,7.927417755126953e-05,-0.3000548481941223,0.008872121572494507,-0.21295374631881714,0.005755007266998291,-0.18984073400497437,-0.0521145761013031,-0.22488272190093994,-0.04792657494544983,-0.2775613069534302,-0.03142482042312622,-0.22325444221496582,-0.030330419540405273,-0.1995883584022522,A
0.0,0.0,0.07054704427719116,-0.049837708473205566,0.13076430559158325,-0.12451279163360596,0.18637937307357788,-0.18599432706832886,0.23415237665176392,-0.21002936363220215,0.0911804735660553,-0.24540618062019348,0.0942566990852356,-0.31102269887924194,0.08784371614456177,-0.23184999823570251,0.08277389407157898,-0.1950797438621521,0.04219639301300049,-0.25142860412597656,0.04874199628829956,-0.30959129333496094,0.050332844257354736,-0.2121778130531311,0.04702281951904297,-0.191844642162323,-0.006004661321640015,-0.24223950505256653,-0.00011414289474487305,-0.29964104294776917,0.008436381816864014,-0.21291214227676392,0.005117952823638916,-0.18889713287353516,-0.052478641271591187,-0.22367233037948608,-0.04799854755401611,-0.2775580585002899,-0.03195774555206299,-0.22322696447372437,-0.03106677532196045,-0.19845163822174072,A
0.0,0.0,0.07043114304542542,-0.04864346981048584,0.13076406717300415,-0.12392204999923706,0.18580645322799683,-0.18564897775650024,0.2337316870689392,-0.20938324928283691,0.09063783288002014,-0.24457979202270508,0.09347176551818848,-0.30979418754577637,0.08676666021347046,-0.2300357222557068,0.08186787366867065,-0.19383108615875244,0.04168766736984253,-0.25061875581741333,0.0481393039226532,-0.30862191319465637,0.04977625608444214,-0.21135002374649048,0.04649806022644043,-0.19129520654678345,-0.006444960832595825,-0.2415962815284729,-0.0008174479007720947,-0.2989513874053955,0.007974594831466675,-0.21209079027175903,0.004811137914657593,-0.18824952840805054,-0.053028762340545654,-0.22345051169395447,-0.0488126277923584,-0.27683815360069275,-0.0324578583240509,-0.2226714789867401,-0.031141281127929688,-0.19779914617538452,A
0.0,0.0,0.07053720951080322,-0.04890507459640503,0.13103750348091125,-0.12409138679504395,0.1862209141254425,-0.18590593338012695,0.23381558060646057,-0.21028447151184082,0.09119388461112976,-0.24519196152687073,0.09414157271385193,-0.31014955043792725,0.08736947178840637,-0.2300255000591278,0.0824480950832367,-0.19456708431243896,0.04233852028846741,-0.25105544924736023,0.04890260100364685,-0.30870485305786133,0.05027341842651367,-0.21128469705581665,0.04699283838272095,-0.19231432676315308,-0.005722343921661377,-0.24212872982025146,0.00010025501251220703,-0.2990689277648926,0.008625447750091553,-0.2120174765586853,0.005642533302307129,-0.18919384479522705,-0.05195191502571106,-0.22410139441490173,-0.047433823347091675,-0.2770945429801941,-0.03147098422050476,-0.2221151888370514,-0.030713051557540894,-0.19800525903701782,A
0.0,0.0,0.07041066884994507,-0.0489964485168457,0.13053536415100098,-0.12383586168289185,0.1856275200843811,-0.1855999231338501,0.23335522413253784,-0.2099243402481079,0.0911203920841217,-0.24491003155708313,0.09388193488121033,-0.309984028339386,0.08718937635421753,-0.23041701316833496,0.08238840103149414,-0.19410759210586548,0.04229053854942322,-0.25102272629737854,0.04853901267051697,-0.30870580673217773,0.05011281371116638,-0.2115057110786438,0.04720523953437805,-0.19164258241653442,-0.005725353956222534,-0.24218937754631042,-0.0004337131977081299,-0.2993166744709015,0.008364647626876831,-0.21261066198349,0.00574299693107605,-0.18891966342926025,-0.0521584153175354,-0.22414979338645935,-0.04869946837425232,-0.2773258090019226,-0.032093942165374756,-0.22301742434501648,-0.030080437660217285,-0.1982521414756775,A
0.0,0.0,0.07030564546585083,-0.04724252223968506,0.13022777438163757,-0.12289857864379883,0.18477556109428406,-0.18474876880645752,0.23213478922843933,-0.209151029586792,0.09026196599006653,-0.2428717017173767,0.09308496117591858,-0.3091154992580414,0.08668717741966248,-0.22997084259986877,0.08157986402511597,-0.19320935010910034,0.041850745677948,-0.24846798181533813,0.04844692349433899,-0.3078297972679138,0.04988643527030945,-0.21046674251556396,0.04653215408325195,-0.19042038917541504,-0.005943089723587036,-0.23982757329940796,1.7702579498291016e-05,-0.2983883023262024,0.008329600095748901,-0.2113741636276245,0.004824429750442505,-0.1879982352256775,-0.052512913942337036,-0.22255048155784607,-0.04756760597229004,-0.27665048837661743,-0.03218802809715271,-0.2219732701778412,-0.0315299928188324,-0.19688230752944946,A
0.0,0.0,0.07037162780761719,-0.04780608415603638,0.13012900948524475,-0.12255895137786865,0.18418458104133606,-0.18488389253616333,0.23200902342796326,-0.20917534828186035,0.0904201865196228,-0.2429419755935669,0.0930308997631073,-0.3081345856189728,0.0864754319190979,-0.22876396775245667,0.08177900314331055,-0.19259601831436157,0.04170718789100647,-0.2492060661315918,0.04795652627944946,-0.3075979948043823,0.04953885078430176,-0.21049219369888306,0.046560823917388916,-0.19046491384506226,-0.006106287240982056,-0.24069702625274658,-0.0008997023105621338,-0.29841405153274536,0.0077658891677856445,-0.21181434392929077,0.005018442869186401,-0.188102126121521,-0.05251702666282654,-0.22321245074272156,-0.04903927445411682,-0.27653786540031433,-0.03256043791770935,-0.22232747077941895,-0.030278533697128296,-0.19739997386932373,A
0.0,0.0,0.07036617398262024,-0.04880017042160034,0.129978209733963,-0.12288075685501099,0.1842568814754486,-0.18527215719223022,0.23189935088157654,-0.20973151922225952,0.09135809540748596,-0.24421924352645874,0.09317463636398315,-0.3084228038787842,0.08660492300987244,-0.22962915897369385,0.08208730816841125,-0.19327211380004883,0.04238799214363098,-0.250646710395813,0.04774582386016846,-0.3079063892364502,0.0493924617767334,-0.21109455823898315,0.04720047116279602,-0.19109290838241577,-0.005416423082351685,-0.2420009970664978,-0.001057058572769165,-0.29844123125076294,0.007602483034133911,-0.21256393194198608,0.005560636520385742,-0.18883144855499268,-0.051443129777908325,-0.22421935200691223,-0.04895031452178955,-0.27690717577934265,-0.03270915150642395,-0.2231236696243286,-0.029827356338500977,-0.19873172044754028,A
0.0,0.0,0.07005253434181213,-0.04983854293823242,0.12931036949157715,-0.12387305498123169,0.18388515710830688,-0.1862965226173401,0.23116910457611084,-0.21078449487686157,0.09053274989128113,-0.24449768662452698,0.09231552481651306,-0.3095036745071411,0.08618107438087463,-0.23071861267089844,0.0817783772945404,-0.19461947679519653,0.04158133268356323,-0.25052252411842346,0.046618908643722534,-0.3078782260417938,0.04879376292228699,-0.21121156215667725,0.04656785726547241,-0.19235122203826904,-0.006150931119918823,-0.2418321669101715,-0.0018745958805084229,-0.29977959394454956,0.007252871990203857,-0.2136460542678833,0.00515332818031311,-0.18982869386672974,-0.05212223529815674,-0.22402426600456238,-0.050093233585357666,-0.27740561962127686,-0.03346988558769226,-0.2236156165599823,-0.030450820922851562,-0.19888830184936523,A
0.0,0.0,0.06995290517807007,-0.04855459928512573,0.1291685700416565,-0.12286943197250366,0.18358898162841797,-0.18553310632705688,0.2309073805809021,-0.21010565757751465,0.09078645706176758,-0.24384024739265442,0.09160324931144714,-0.30907976627349854,0.08553963899612427,-0.22991958260536194,0.08157199621200562,-0.19441711902618408,0.04187893867492676,-0.24941712617874146,0.04640832543373108,-0.307281494140625,0.0485990047454834,-0.20989841222763062,0.046556174755096436,-0.19169503450393677,-0.006016552448272705,-0.24087631702423096,-0.0018802881240844727,-0.2990218997001648,0.0070410072803497314,-0.21195650100708008,0.004907965660095215,-0.18892180919647217,-0.05230039358139038,-0.22354373335838318,-0.04995003342628479,-0.2762482166290283,-0.03386327624320984,-0.221800297498703,-0.03143531084060669,-0.19741839170455933,A
0.0,0.0,0.06975585222244263,-0.04814678430557251,0.1290965974330902,-0.12262344360351562,0.1831214725971222,-0.18498611450195312,0.2302735149860382,-0.20942091941833496,0.09002140164375305,-0.24303877353668213,0.09118041396141052,-0.3078893721103668,0.08502253890037537,-0.2289443016052246,0.08093392848968506,-0.19329863786697388,0.041167110204696655,-0.2486877739429474,0.0461486279964447,-0.3067806363105774,0.04816025495529175,-0.20995092391967773,0.045889437198638916,-0.1913076639175415,-0.006708294153213501,-0.23994779586791992,-0.0023787617683410645,-0.2980738878250122,0.006478846073150635,-0.2119070291519165,0.004268914461135864,-0.1888599991798401,-0.052996039390563965,-0.22244927287101746,-0.05062827467918396,-0.27529406547546387,-0.03440004587173462,-0.22173672914505005,-0.031642526388168335,-0.19728004932403564,A
0.0,0.0,0.06992277503013611,-0.04764372110366821,0.12917029857635498,-0.12181955575942993,0.18281006813049316,-0.18453264236450195,0.22982782125473022,-0.20908302068710327,0.08913743495941162,-0.2407541275024414,0.09023690223693848,-0.30697304010391235,0.08452704548835754,-0.22845813632011414,0.08022502064704895,-0.19158852100372314,0.04060742259025574,-0.246354341506958,0.04528111219406128,-0.30603817105293274,0.04774832725524902,-0.2090480923652649,0.04565951228141785,-0.189197838306427,-0.006846815347671509,-0.23786425590515137,-0.0030053555965423584,-0.29682305455207825,0.006125211715698242,-0.2100985050201416,0.004028946161270142,-0.18588876724243164,-0.053132057189941406,-0.22104138135910034,-0.05120587348937988,-0.2750740647315979,-0.03503337502479553,-0.22074458003044128,-0.032012343406677246,-0.19536763429641724,A
0.0,0.0,0.06958600878715515,-0.046941399574279785,0.128923237323761,-0.12171357870101929,0.18215817213058472,-0.18437141180038452,0.2293412685394287,-0.20874923467636108,0.0886053740978241,-0.24097222089767456,0.0895148515701294,-0.3072221279144287,0.08380833268165588,-0.2289225161075592,0.07951617240905762,-0.19167828559875488,0.040153831243515015,-0.2465425729751587,0.04480275511741638,-0.3061943054199219,0.04727092385292053,-0.2094104290008545,0.04514032602310181,-0.1890602707862854,-0.007257044315338135,-0.23803043365478516,-0.003828495740890503,-0.2966125011444092,0.005444139242172241,-0.21029984951019287,0.003521054983139038,-0.18614864349365234,-0.05342775583267212,-0.22121545672416687,-0.051541417837142944,-0.2748579978942871,-0.035435497760772705,-0.22051137685775757,-0.03220170736312866,-0.19510340690612793,A
0.0,0.0,0.06955087184906006,-0.04764312505722046,0.1288679838180542,-0.12242555618286133,0.18231594562530518,-0.18520331382751465,0.2295987606048584,-0.20961827039718628,0.08877760171890259,-0.24160289764404297,0.08962810039520264,-0.30826225876808167,0.08399015665054321,-0.2293185293674469,0.07989627122879028,-0.19193249940872192,0.04027116298675537,-0.2471708357334137,0.04495915770530701,-0.30662304162979126,0.047384798526763916,-0.20955675840377808,0.04521167278289795,-0.1891537308692932,-0.007318437099456787,-0.23847845196723938,-0.003424406051635742,-0.29732459783554077,0.005702227354049683,-0.21070557832717896,0.0035309195518493652,-0.18667584657669067,-0.053670257329940796,-0.22108235955238342,-0.05119439959526062,-0.2750127911567688,-0.035104215145111084,-0.22046369314193726,-0.03250342607498169,-0.19522255659103394,A
0.0,0.0,0.06981050968170166,-0.04689490795135498,0.12908661365509033,-0.1218305230140686,0.18236446380615234,-0.18461382389068604,0.22966569662094116,-0.2090802788734436,0.08898425102233887,-0.2409628927707672,0.08974719047546387,-0.30761605501174927,0.08390641212463379,-0.2288566529750824,0.07978135347366333,-0.1916271448135376,0.040506839752197266,-0.2463119626045227,0.04526790976524353,-0.30620405077934265,0.04758155345916748,-0.20897501707077026,0.04539331793785095,-0.1886078119277954,-0.007116347551345825,-0.23787140846252441,-0.0032708942890167236,-0.2969832718372345,0.005833923816680908,-0.2102622389793396,0.0036718249320983887,-0.1862155795097351,-0.053540945053100586,-0.22115135192871094,-0.05098891258239746,-0.27496927976608276,-0.0350898802280426,-0.22054490447044373,-0.03251969814300537,-0.19527524709701538,A
0.0,0.0,0.06967344880104065,-0.04708290100097656,0.1288037896156311,-0.12154126167297363,0.18203049898147583,-0.1844959855079651,0.2292841672897339,-0.20888400077819824,0.08864742517471313,-0.24090322852134705,0.08928582072257996,-0.3075468838214874,0.08381357789039612,-0.22896355390548706,0.07976099848747253,-0.19135063886642456,0.04013386368751526,-0.2461913824081421,0.044568538665771484,-0.3057957887649536,0.04721105098724365,-0.20849132537841797,0.04526162147521973,-0.18828624486923218,-0.007352590560913086,-0.23769429326057434,-0.0038711726665496826,-0.29663822054862976,0.005460143089294434,-0.21014094352722168,0.0035108625888824463,-0.18607252836227417,-0.053692638874053955,-0.22088998556137085,-0.051750391721725464,-0.27469438314437866,-0.03550112247467041,-0.2206292748451233,-0.03232681751251221,-0.19538062810897827,A
0.0,0.0,0.06975743174552917,-0.04699796438217163,0.12905558943748474,-0.12201619148254395,0.1822054088115692,-0.18492788076400757,0.22958329319953918,-0.2090645432472229,0.08847734332084656,-0.24112510681152344,0.08934763073921204,-0.30757594108581543,0.08375748991966248,-0.22834783792495728,0.0797814130783081,-0.19126099348068237,0.04012909531593323,-0.24628576636314392,0.04491487145423889,-0.3054434359073639,0.04736253619194031,-0.20843839645385742,0.045102447271347046,-0.18839699029922485,-0.00725904107093811,-0.23756107687950134,-0.0033309459686279297,-0.29615846276283264,0.005691319704055786,-0.2099745273590088,0.0034422874450683594,-0.18655097484588623,-0.05335989594459534,-0.22034648060798645,-0.050958096981048584,-0.2738865613937378,-0.03487840294837952,-0.22002944350242615,-0.03223884105682373,-0.19512581825256348,A
0.0,0.0,0.06976914405822754,-0.046562254428863525,0.12921619415283203,-0.120941162109375,0.18237894773483276,-0.184076726436615,0.22953546047210693,-0.20855647325515747,0.08887243270874023,-0.24018928408622742,0.08952957391738892,-0.3069082498550415,0.08416017889976501,-0.22811099886894226,0.08039018511772156,-0.19110000133514404,0.04042571783065796,-0.24545159935951233,0.04477041959762573,-0.3050764501094818,0.04756686091423035,-0.20809602737426758,0.04577648639678955,-0.18810886144638062,-0.006963968276977539,-0.23697182536125183,-0.0035674571990966797,-0.29578301310539246,0.00584864616394043,-0.20943570137023926,0.004167228937149048,-0.18562740087509155,-0.053153395652770996,-0.22014862298965454,-0.051428794860839844,-0.2737334668636322,-0.034878671169281006,-0.21965095400810242,-0.03138154745101929,-0.1944063901901245,A
0.0,0.0,0.06994655728340149,-0.046867966651916504,0.12947240471839905,-0.12158656120300293,0.1825660765171051,-0.18469524383544922,0.2296300232410431,-0.20868772268295288,0.08873182535171509,-0.24009057879447937,0.08951777219772339,-0.30659520626068115,0.08401918411254883,-0.22783011198043823,0.08023649454116821,-0.19093376398086548,0.040310174226760864,-0.24530020356178284,0.04488879442214966,-0.3047517240047455,0.047597527503967285,-0.20779454708099365,0.04575034976005554,-0.18792033195495605,-0.006993085145950317,-0.23675745725631714,-0.0036604106426239014,-0.29560261964797974,0.005722790956497192,-0.20934826135635376,0.003980785608291626,-0.18585139513015747,-0.05299994349479675,-0.21973448991775513,-0.05146828293800354,-0.2733473777770996,-0.03499528765678406,-0.21950596570968628,-0.03167086839675903,-0.19455218315124512,A
0.0,0.0,0.06971612572669983,-0.04678809642791748,0.1290215253829956,-0.1213221549987793,0.18197262287139893,-0.18438196182250977,0.22887533903121948,-0.20869559049606323,0.0885351300239563,-0.23950129747390747,0.08916431665420532,-0.3061160445213318,0.08377006649971008,-0.22779375314712524,0.07994264364242554,-0.19076108932495117,0.0401100218296051,-0.24477598071098328,0.044553011655807495,-0.30433622002601624,0.047241657972335815,-0.2075524926185608,0.04529118537902832,-0.18766558170318604,-0.007223188877105713,-0.23633027076721191,-0.004074364900588989,-0.29547929763793945,0.005332469940185547,-0.20943886041641235,0.0035099387168884277,-0.18585902452468872,-0.05334210395812988,-0.21939125657081604,-0.05177962779998779,-0.27321478724479675,-0.03529077768325806,-0.21936309337615967,-0.03187054395675659,-0.19415098428726196,A
0.0,0.0,0.06946083903312683,-0.046168506145477295,0.128348708152771,-0.12018370628356934,0.1811121702194214,-0.18322652578353882,0.22837156057357788,-0.20762962102890015,0.0881173312664032,-0.2384362816810608,0.08866477012634277,-0.30533933639526367,0.08319717645645142,-0.22708988189697266,0.07935094833374023,-0.1896612048149109,0.03988218307495117,-0.24365350604057312,0.04408332705497742,-0.30375146865844727,0.04681006073951721,-0.20705890655517578,0.04501417279243469,-0.1865522861480713,-0.00736236572265625,-0.23520976305007935,-0.004319250583648682,-0.29463356733322144,0.0050046443939208984,-0.20875632762908936,0.0032719075679779053,-0.18493330478668213,-0.0534113347530365,-0.21836355328559875,-0.051782310009002686,-0.27244874835014343,-0.035587817430496216,-0.21848562359809875,-0.03228229284286499,-0.19314628839492798,A
0.0,0.0,0.06942823529243469,-0.04603344202041626,0.12853574752807617,-0.12003588676452637,0.18134045600891113,-0.18277299404144287,0.2287447452545166,-0.2072535753250122,0.0882411003112793,-0.2392725944519043,0.08909130096435547,-0.3051837980747223,0.08347833156585693,-0.22646135091781616,0.07947760820388794,-0.18973499536514282,0.04013031721115112,-0.2447108030319214,0.04463431239128113,-0.30384561419487,0.04717284440994263,-0.20728248357772827,0.04500260949134827,-0.1869012713432312,-0.007178366184234619,-0.23606866598129272,-0.0035401582717895508,-0.2942318320274353,0.005655020475387573,-0.2086162567138672,0.003558635711669922,-0.18512588739395142,-0.05323702096939087,-0.2189784049987793,-0.05088779330253601,-0.2720763683319092,-0.03493309020996094,-0.21850192546844482,-0.03229844570159912,-0.19378060102462769,A
0.0,0.0,0.06947898864746094,-0.04607170820236206,0.1285991668701172,-0.1201828122138977,0.18136978149414062,-0.18297791481018066,0.22872847318649292,-0.20743989944458008,0.08818182349205017,-0.2387934923171997,0.0891214907169342,-0.30507493019104004,0.08351415395736694,-0.22691133618354797,0.0794430673122406,-0.18975603580474854,0.04005545377731323,-0.24415329098701477,0.044555723667144775,-0.30378058552742004,0.047075867652893066,-0.20745551586151123,0.04491338133811951,-0.18684393167495728,-0.007171899080276489,-0.23562797904014587,-0.0037158429622650146,-0.2943280041217804,0.005537658929824829,-0.20867830514907837,0.0034923255443573,-0.18490195274353027,-0.053241223096847534,-0.21863409876823425,-0.05117833614349365,-0.27232447266578674,-0.03494149446487427,-0.21845096349716187,-0.03193145990371704,-0.193173348903656,A
0.0,0.0,0.06943559646606445,-0.04596954584121704,0.1285693347454071,-0.12033915519714355,0.18120887875556946,-0.183333158493042,0.22846779227256775,-0.20773059129714966,0.08820325136184692,-0.23867863416671753,0.08923685550689697,-0.3052031397819519,0.08368602395057678,-0.226965993642807,0.0795648992061615,-0.18972623348236084,0.040084511041641235,-0.2440958023071289,0.04457893967628479,-0.3040008544921875,0.047155797481536865,-0.2074870467185974,0.04504895210266113,-0.18697065114974976,-0.007148325443267822,-0.23556256294250488,-0.0038081705570220947,-0.2942206859588623,0.005477577447891235,-0.20860368013381958,0.0034693777561187744,-0.18512976169586182,-0.053244978189468384,-0.21857020258903503,-0.05122736096382141,-0.2720159590244293,-0.03499552607536316,-0.21825438737869263,-0.031923264265060425,-0.19332575798034668,A
0.0,0.0,0.06888130307197571,-0.046434998512268066,0.12754735350608826,-0.12206727266311646,0.18032166361808777,-0.18488872051239014,0.22744795680046082,-0.20925885438919067,0.0878441333770752,-0.2404899299144745,0.08892390131950378,-0.3055151700973511,0.08342921733856201,-0.22729676961898804,0.07925736904144287,-0.19142937660217285,0.03946727514266968,-0.24626117944717407,0.04417604207992554,-0.30497655272483826,0.04672640562057495,-0.20846891403198242,0.04440724849700928,-0.1891886591911316,-0.007848411798477173,-0.2377622425556183,-0.004349172115325928,-0.29515713453292847,0.004978835582733154,-0.2094053030014038,0.0029571950435638428,-0.18665629625320435,-0.053813427686691284,-0.22071963548660278,-0.05164971947669983,-0.27346834540367126,-0.03551912307739258,-0.21959921717643738,-0.032424092292785645,-0.19501513242721558,A
0.0,0.0,0.06909289956092834,-0.04584002494812012,0.1275474727153778,-0.12106674909591675,0.17982181906700134,-0.18429803848266602,0.227129727602005,-0.20866835117340088,0.08753666281700134,-0.23912501335144043,0.08822569251060486,-0.3050951659679413,0.0828467309474945,-0.22697436809539795,0.0788930356502533,-0.19096750020980835,0.03949916362762451,-0.24458670616149902,0.043834835290908813,-0.30449631810188293,0.04655545949935913,-0.20775824785232544,0.04441538453102112,-0.18776512145996094,-0.007630079984664917,-0.2362654209136963,-0.0043503642082214355,-0.2944108843803406,0.004848301410675049,-0.20838338136672974,0.002913177013397217,-0.1852920651435852,-0.053591758012771606,-0.21983280777931213,-0.05157405138015747,-0.2731926739215851,-0.03562191128730774,-0.21860355138778687,-0.032444924116134644,-0.19364315271377563,A
0.0,0.0,0.06883001327514648,-0.04551774263381958,0.12711310386657715,-0.12049442529678345,0.17922455072402954,-0.18368780612945557,0.22658824920654297,-0.2079206109046936,0.0867702066898346,-0.23861372470855713,0.08753496408462524,-0.30473095178604126,0.08234065771102905,-0.2268379032611847,0.07821875810623169,-0.1901804804801941,0.03887784481048584,-0.2439567744731903,0.0430835485458374,-0.3038575351238251,0.04611673951148987,-0.20718473196029663,0.04399237036705017,-0.1868889331817627,-0.008073806762695312,-0.23553183674812317,-0.005062997341156006,-0.2940303683280945,0.004430949687957764,-0.20820480585098267,0.0024416744709014893,-0.1845971941947937,-0.05393621325492859,-0.21907180547714233,-0.0522499680519104,-0.2723965346813202,-0.03603658080101013,-0.21804118156433105,-0.03270691633224487,-0.19280529022216797,A
0.0,0.0,0.06886747479438782,-0.04513907432556152,0.12730413675308228,-0.1203303337097168,0.1791953444480896,-0.1835484504699707,0.22657400369644165,-0.20772331953048706,0.08641916513442993,-0.23863500356674194,0.08715617656707764,-0.30492931604385376,0.08204686641693115,-0.22637027502059937,0.07813680171966553,-0.18957579135894775,0.03866419196128845,-0.24370619654655457,0.04299801588058472,-0.3034438490867615,0.04593434929847717,-0.20657753944396973,0.043748438358306885,-0.18658804893493652,-0.008371800184249878,-0.23508930206298828,-0.0049884021282196045,-0.2934432625770569,0.004246413707733154,-0.2076166868209839,0.002019345760345459,-0.18481910228729248,-0.05436256527900696,-0.21838122606277466,-0.05199158191680908,-0.2715536952018738,-0.036257535219192505,-0.21715432405471802,-0.03368350863456726,-0.1925155520439148,A
0.0,0.0,0.06875982880592346,-0.045210063457489014,0.12732121348381042,-0.12025153636932373,0.17914268374443054,-0.1834876537322998,0.2263462245464325,-0.20776361227035522,0.08656880259513855,-0.23909464478492737,0.08720532059669495,-0.30514925718307495,0.08212688565254211,-0.2263394296169281,0.07824200391769409,-0.18965667486190796,0.03870725631713867,-0.24406787753105164,0.04318106174468994,-0.3032408654689789,0.046291083097457886,-0.2063094973564148,0.044079214334487915,-0.18659037351608276,-0.00833699107170105,-0.2352246344089508,-0.004961758852005005,-0.29352620244026184,0.00451233983039856,-0.2076992392539978,0.0023408830165863037,-0.18480974435806274,-0.054284751415252686,-0.21819809079170227,-0.05216464400291443,-0.27127864956855774,-0.03603672981262207,-0.21714234352111816,-0.03321036696434021,-0.19249993562698364,A
0.0,0.0,0.068868488073349,-0.046514153480529785,0.12744000554084778,-0.12166273593902588,0.17967256903648376,-0.18520742654800415,0.226857990026474,-0.2096843123435974,0.08721944689750671,-0.24057862162590027,0.08812469244003296,-0.30592045187950134,0.0830029547214508,-0.22703507542610168,0.07925248146057129,-0.19193166494369507,0.03906896710395813,-0.24572217464447021,0.04371955990791321,-0.3043823838233948,0.0468941330909729,-0.20806115865707397,0.04450830817222595,-0.18970978260040283,-0.007982701063156128,-0.23676246404647827,-0.004538446664810181,-0.29507768154144287,0.005259871482849121,-0.20926380157470703,0.003196418285369873,-0.18668949604034424,-0.05361083149909973,-0.2192443609237671,-0.05171078443527222,-0.27260902523994446,-0.03506356477737427,-0.21901080012321472,-0.03202110528945923,-0.19437170028686523,A
0.0,0.0,0.06930029392242432,-0.04737907648086548,0.12804168462753296,-0.1230127215385437,0.1802438497543335,-0.1860954761505127,0.2274342179298401,-0.21021276712417603,0.08687251806259155,-0.24116000533103943,0.08870205283164978,-0.3067108690738678,0.08309265971183777,-0.22713997960090637,0.07879486680030823,-0.19260597229003906,0.03903469443321228,-0.24613404273986816,0.04457440972328186,-0.3049129247665405,0.04703575372695923,-0.20811307430267334,0.043931037187576294,-0.18993079662322998,-0.008013010025024414,-0.2370869517326355,-0.0037584006786346436,-0.29526838660240173,0.005366533994674683,-0.2091180682182312,0.0027009248733520508,-0.1874108910560608,-0.05379849672317505,-0.21984058618545532,-0.050957053899765015,-0.27246803045272827,-0.03491201996803284,-0.21836623549461365,-0.03295597434043884,-0.19458091259002686,A
0.0,0.0,0.06924903392791748,-0.04778623580932617,0.1275930106639862,-0.1232263445854187,0.18005695939064026,-0.1865978240966797,0.22760829329490662,-0.2110186219215393,0.08721819519996643,-0.24223360419273376,0.08888086676597595,-0.3071601092815399,0.08332258462905884,-0.22771143913269043,0.07921892404556274,-0.19364231824874878,0.03910967707633972,-0.247033953666687,0.04461240768432617,-0.30515846610069275,0.04719725251197815,-0.20843279361724854,0.04429161548614502,-0.19121390581130981,-0.008108317852020264,-0.2378186583518982,-0.0037314295768737793,-0.29546165466308594,0.00558316707611084,-0.20952975749969482,0.0030979812145233154,-0.1885315179824829,-0.05379641056060791,-0.22023019194602966,-0.05103960633277893,-0.27251511812210083,-0.03467923402786255,-0.21890226006507874,-0.032600969076156616,-0.19555741548538208,A
0.0,0.0,0.06949737668037415,-0.04738414287567139,0.12809151411056519,-0.12295490503311157,0.18041986227035522,-0.1859704852104187,0.22782868146896362,-0.21020275354385376,0.08735167980194092,-0.2405931055545807,0.08924558758735657,-0.305985689163208,0.08349275588989258,-0.22665342688560486,0.07925578951835632,-0.1927613615989685,0.039444029331207275,-0.24527156352996826,0.0452408492565155,-0.3041181266307831,0.04757314920425415,-0.207800030708313,0.04429629445075989,-0.1903069019317627,-0.007734626531600952,-0.236208975315094,-0.002995312213897705,-0.29422727227211,0.006008714437484741,-0.20872783660888672,0.0030562877655029297,-0.18795567750930786,-0.05342662334442139,-0.21905377507209778,-0.049726665019989014,-0.271248459815979,-0.03403979539871216,-0.2176882028579712,-0.03298354148864746,-0.1945222020149231,A
0.0,0.0,0.06905028223991394,-0.04729408025741577,0.12757420539855957,-0.12264251708984375,0.1801968216896057,-0.18595492839813232,0.2275407910346985,-0.21050620079040527,0.08783358335494995,-0.2410433292388916,0.08921918272972107,-0.3060898780822754,0.08382448554039001,-0.22697505354881287,0.0798158347606659,-0.19297480583190918,0.039598435163497925,-0.24594572186470032,0.04479143023490906,-0.30440306663513184,0.04766499996185303,-0.20770925283432007,0.04497641324996948,-0.19009262323379517,-0.007609009742736816,-0.23692262172698975,-0.003547370433807373,-0.2947711944580078,0.006176203489303589,-0.20855414867401123,0.004083037376403809,-0.18687528371810913,-0.053279340267181396,-0.21957862377166748,-0.050821900367736816,-0.2723003327846527,-0.034168750047683716,-0.21818304061889648,-0.03156861662864685,-0.19410216808319092,A
0.0,0.0,0.06929454207420349,-0.04700976610183716,0.12801459431648254,-0.12289965152740479,0.1804763376712799,-0.1858755350112915,0.2278744876384735,-0.2097533941268921,0.08748027682304382,-0.24063140153884888,0.08915045857429504,-0.30573105812072754,0.08355271816253662,-0.22653937339782715,0.07941374182701111,-0.1926027536392212,0.03962373733520508,-0.2454712688922882,0.045040637254714966,-0.3041554093360901,0.04748329520225525,-0.20789504051208496,0.04434001445770264,-0.18987160921096802,-0.007495671510696411,-0.2363872230052948,-0.003190457820892334,-0.294256329536438,0.0059979259967803955,-0.20857840776443481,0.0034432411193847656,-0.1871659755706787,-0.053203046321868896,-0.21911975741386414,-0.050280481576919556,-0.2714540958404541,-0.034181445837020874,-0.21747267246246338,-0.03222641348838806,-0.19369137287139893,A
0.0,0.0,0.06846198439598083,-0.046067893505096436,0.12623196840286255,-0.1220443844795227,0.1783551573753357,-0.18582499027252197,0.2256494164466858,-0.21060460805892944,0.08724105358123779,-0.24010199308395386,0.08850115537643433,-0.3059398829936981,0.08354434370994568,-0.22723564505577087,0.07929611206054688,-0.1915302872657776,0.03908979892730713,-0.24524053931236267,0.043375760316848755,-0.30451905727386475,0.04668086767196655,-0.20785170793533325,0.0443442165851593,-0.18935000896453857,-0.007829070091247559,-0.2365165650844574,-0.004620581865310669,-0.2945748567581177,0.005240768194198608,-0.20853698253631592,0.003387749195098877,-0.18610411882400513,-0.05336946249008179,-0.21962344646453857,-0.052098214626312256,-0.27264466881752014,-0.035363197326660156,-0.2181227207183838,-0.031707942485809326,-0.19325929880142212,A
0.0,0.0,0.06866732239723206,-0.04635608196258545,0.12650364637374878,-0.12241190671920776,0.17850077152252197,-0.18555879592895508,0.22598987817764282,-0.20978409051895142,0.08656227588653564,-0.23903805017471313,0.08829125761985779,-0.30473843216896057,0.08272427320480347,-0.22589769959449768,0.07836166024208069,-0.19117307662963867,0.03894570469856262,-0.24396705627441406,0.04422071576118469,-0.3037905693054199,0.0468389093875885,-0.2072872519493103,0.04374316334724426,-0.1884223222732544,-0.008017092943191528,-0.2350790798664093,-0.0038926899433135986,-0.29373204708099365,0.005332589149475098,-0.2080654501914978,0.002594560384750366,-0.18610727787017822,-0.05381208658218384,-0.21822422742843628,-0.05140715837478638,-0.27119919657707214,-0.03511941432952881,-0.21723371744155884,-0.03272247314453125,-0.19296801090240479,A
0.0,0.0,0.06818544864654541,-0.04599940776824951,0.1257680356502533,-0.12254798412322998,0.17770245671272278,-0.18637895584106445,0.22531023621559143,-0.21070897579193115,0.08643311262130737,-0.2391946017742157,0.08754384517669678,-0.3052617609500885,0.08240959048271179,-0.2263396978378296,0.07833930850028992,-0.19111651182174683,0.03864505887031555,-0.24394196271896362,0.04300832748413086,-0.30373120307922363,0.046107351779937744,-0.20687955617904663,0.04352805018424988,-0.187951922416687,-0.008333474397659302,-0.235051691532135,-0.00508764386177063,-0.29352355003356934,0.004597991704940796,-0.20721274614334106,0.002581655979156494,-0.18508589267730713,-0.05408596992492676,-0.2182847261428833,-0.052263230085372925,-0.27124008536338806,-0.035946547985076904,-0.21631872653961182,-0.03292274475097656,-0.1918620467185974,A
0.0,0.0,0.06868305802345276,-0.04635494947433472,0.12668156623840332,-0.12207227945327759,0.1785043478012085,-0.18557488918304443,0.22593051195144653,-0.21008437871932983,0.08639723062515259,-0.23913556337356567,0.08776277303695679,-0.3048592507839203,0.08224576711654663,-0.2256413698196411,0.07819041609764099,-0.19058763980865479,0.038797199726104736,-0.24384382367134094,0.04382845759391785,-0.30317801237106323,0.04638513922691345,-0.20666122436523438,0.043465644121170044,-0.18762236833572388,-0.008141577243804932,-0.2347341775894165,-0.004412293434143066,-0.2930302619934082,0.004714608192443848,-0.20721757411956787,0.002225816249847412,-0.18556547164916992,-0.05384558439254761,-0.21742957830429077,-0.0513455867767334,-0.2700164020061493,-0.03556579351425171,-0.21553626656532288,-0.033482760190963745,-0.1916036605834961,A
0.0,0.0,0.06863546371459961,-0.045509517192840576,0.12649261951446533,-0.12093240022659302,0.17814409732818604,-0.18475627899169922,0.2257298231124878,-0.2093694806098938,0.08647951483726501,-0.23789262771606445,0.08738666772842407,-0.3042565584182739,0.08210283517837524,-0.22554221749305725,0.07826575636863708,-0.18993061780929565,0.03887060284614563,-0.2424238622188568,0.0434662401676178,-0.30261242389678955,0.04631000757217407,-0.2060554027557373,0.04381948709487915,-0.1868375539779663,-0.007991611957550049,-0.23340770602226257,-0.00470048189163208,-0.29239770770072937,0.004585206508636475,-0.20685064792633057,0.0023821592330932617,-0.18488693237304688,-0.05364382266998291,-0.2163865864276886,-0.05178186297416687,-0.26966041326522827,-0.035785019397735596,-0.21563100814819336,-0.033152222633361816,-0.19140517711639404,A
0.0,0.0,0.06844031810760498,-0.04663228988647461,0.1263335943222046,-0.12159532308578491,0.17837613821029663,-0.1851382851600647,0.22579669952392578,-0.20973467826843262,0.08680608868598938,-0.2392888367176056,0.0877242386341095,-0.304585337638855,0.08231154084205627,-0.22592180967330933,0.07844963669776917,-0.1910889744758606,0.03888416290283203,-0.2440558671951294,0.04353320598602295,-0.3027808368206024,0.04630482196807861,-0.20636886358261108,0.0438094437122345,-0.18809807300567627,-0.008115679025650024,-0.23486465215682983,-0.004757046699523926,-0.29280102252960205,0.004751920700073242,-0.20736050605773926,0.0027110278606414795,-0.18597376346588135,-0.05375313758850098,-0.2172364890575409,-0.051950812339782715,-0.269670695066452,-0.035493433475494385,-0.21580305695533752,-0.032613158226013184,-0.1919448971748352,A
0.0,0.0,0.0685378909111023,-0.04687309265136719,0.12648016214370728,-0.12205690145492554,0.1784759759902954,-0.1851988434791565,0.22577369213104248,-0.2095533013343811,0.08620220422744751,-0.23899874091148376,0.0875159204006195,-0.30448412895202637,0.08191654086112976,-0.22580915689468384,0.07786965370178223,-0.19061630964279175,0.03842189908027649,-0.2437768280506134,0.04366216063499451,-0.30279016494750977,0.04602611064910889,-0.20658552646636963,0.04312574863433838,-0.18742477893829346,-0.008502990007400513,-0.2345687747001648,-0.004508912563323975,-0.2928021550178528,0.004513978958129883,-0.20733213424682617,0.0019829869270324707,-0.185127854347229,-0.05410414934158325,-0.21701234579086304,-0.05183088779449463,-0.2701314389705658,-0.0356869101524353,-0.2161504626274109,-0.033100277185440063,-0.1916007399559021,A
0.0,0.0,0.06830224394798279,-0.04634559154510498,0.12614327669143677,-0.12160485982894897,0.1779593825340271,-0.18477576971054077,0.22526448965072632,-0.20943230390548706,0.08595630526542664,-0.23913824558258057,0.0871264636516571,-0.30455225706100464,0.08148801326751709,-0.22552892565727234,0.07749032974243164,-0.19012153148651123,0.038271695375442505,-0.24387967586517334,0.043280959129333496,-0.30306628346443176,0.045627444982528687,-0.20654332637786865,0.04293987154960632,-0.18740397691726685,-0.008661746978759766,-0.2347334921360016,-0.004985898733139038,-0.29280391335487366,0.004005998373031616,-0.2071799635887146,0.001694321632385254,-0.18542909622192383,-0.054299354553222656,-0.21735712885856628,-0.051941365003585815,-0.26982417702674866,-0.036148637533187866,-0.21541613340377808,-0.033743083477020264,-0.19135266542434692,A
0.0,0.0,0.0685884952545166,-0.04817497730255127,0.12674441933631897,-0.1223907470703125,0.17912527918815613,-0.18506717681884766,0.2262202799320221,-0.20976197719573975,0.08696836233139038,-0.24047508835792542,0.08819988369941711,-0.304788202047348,0.08241575956344604,-0.2253301441669464,0.07874318957328796,-0.19103533029556274,0.038972318172454834,-0.24502259492874146,0.04455229640007019,-0.3025338649749756,0.046616315841674805,-0.2065199613571167,0.043554455041885376,-0.1887487769126892,-0.008136957883834839,-0.23545843362808228,-0.0035702288150787354,-0.29362085461616516,0.005176663398742676,-0.20812547206878662,0.0023923516273498535,-0.18689751625061035,-0.05368441343307495,-0.21721625328063965,-0.05076649785041809,-0.269436776638031,-0.03483894467353821,-0.21580684185028076,-0.03340509533882141,-0.19262027740478516,A
0.0,0.0,0.06835123896598816,-0.04611700773239136,0.12631326913833618,-0.12117516994476318,0.17831867933273315,-0.18444591760635376,0.22575056552886963,-0.20895624160766602,0.08636406064033508,-0.238325834274292,0.08720558881759644,-0.30372899770736694,0.08183091878890991,-0.22514989972114563,0.07809573411941528,-0.1896674633026123,0.03859090805053711,-0.24305444955825806,0.04314747452735901,-0.3026198744773865,0.04588049650192261,-0.20612573623657227,0.04338011145591736,-0.1870098114013672,-0.008389294147491455,-0.23405176401138306,-0.005087852478027344,-0.2926396429538727,0.004150331020355225,-0.20699965953826904,0.0019118785858154297,-0.18477952480316162,-0.05417564511299133,-0.2169797122478485,-0.0523989200592041,-0.27001142501831055,-0.03632563352584839,-0.2158573865890503,-0.0335773229598999,-0.19132715463638306,A
0.0,0.0,0.06837385892868042,-0.04654961824417114,0.12702372670173645,-0.1217883825302124,0.17916712164878845,-0.1853458285331726,0.22640714049339294,-0.20993024110794067,0.0873187780380249,-0.23983144760131836,0.08797940611839294,-0.30445629358291626,0.08257311582565308,-0.22536617517471313,0.07905220985412598,-0.19157981872558594,0.03943076729774475,-0.2445957064628601,0.043777793645858765,-0.30259642004966736,0.046460360288619995,-0.20605111122131348,0.04410669207572937,-0.18877571821212769,-0.007523477077484131,-0.23547667264938354,-0.0046155452728271484,-0.2928689122200012,0.004797995090484619,-0.2070717215538025,0.003099769353866577,-0.18651419878005981,-0.05311709642410278,-0.2180364429950714,-0.05183103680610657,-0.26948198676109314,-0.03539779782295227,-0.2151264250278473,-0.03215786814689636,-0.19191277027130127,A
0.0,0.0,0.06859195232391357,-0.04675346612930298,0.12679177522659302,-0.12248116731643677,0.17897552251815796,-0.18590664863586426,0.2262967824935913,-0.21013802289962769,0.08714506030082703,-0.24000057578086853,0.08811652660369873,-0.30470535159111023,0.08246085047721863,-0.22610607743263245,0.07879570126533508,-0.19216209650039673,0.039225876331329346,-0.2447422742843628,0.04396641254425049,-0.3027139902114868,0.04653802514076233,-0.2064611315727234,0.04410207271575928,-0.18887805938720703,-0.007781088352203369,-0.2355915606021881,-0.004493296146392822,-0.293037474155426,0.0048449039459228516,-0.20757567882537842,0.002898871898651123,-0.18680191040039062,-0.05329906940460205,-0.21803829073905945,-0.05168980360031128,-0.26966267824172974,-0.03542172908782959,-0.2159382700920105,-0.03261345624923706,-0.19271886348724365,A
0.0,0.0,0.0686282217502594,-0.04627019166946411,0.1268904209136963,-0.12186020612716675,0.17889541387557983,-0.1854841113090515,0.2261873483657837,-0.20999771356582642,0.0868438184261322,-0.23964938521385193,0.08776777982711792,-0.3045497536659241,0.0822036862373352,-0.22559526562690735,0.07846230268478394,-0.19124549627304077,0.0390113890171051,-0.24419188499450684,0.043642908334732056,-0.3024848699569702,0.04633030295372009,-0.20596355199813843,0.04385572671890259,-0.18799042701721191,-0.007914066314697266,-0.2350304126739502,-0.004736155271530151,-0.2928169369697571,0.004589200019836426,-0.20703905820846558,0.0026147961616516113,-0.18583738803863525,-0.05345800518989563,-0.21762529015541077,-0.05190613865852356,-0.26945602893829346,-0.035758793354034424,-0.21545013785362244,-0.03301018476486206,-0.19198960065841675,A
0.0,0.0,0.06842401623725891,-0.04602903127670288,0.12624594569206238,-0.12150651216506958,0.1778927743434906,-0.18519937992095947,0.22520938515663147,-0.20958960056304932,0.08626002073287964,-0.2394336462020874,0.08713579177856445,-0.30470913648605347,0.0817267894744873,-0.22578564286231995,0.07799124717712402,-0.19101804494857788,0.038488954305648804,-0.24362748861312866,0.04302981495857239,-0.3022938370704651,0.045765429735183716,-0.20556414127349854,0.04328528046607971,-0.1878146529197693,-0.008376061916351318,-0.23436641693115234,-0.005211174488067627,-0.2923803925514221,0.004180252552032471,-0.20652472972869873,0.0021446049213409424,-0.18562018871307373,-0.05385977029800415,-0.21694090962409973,-0.05202803015708923,-0.2691681385040283,-0.03600284457206726,-0.2149692177772522,-0.03348204493522644,-0.19137495756149292,A
0.0,0.0,0.06814634799957275,-0.04611784219741821,0.1260281801223755,-0.12172037363052368,0.17774343490600586,-0.18511754274368286,0.2250184416770935,-0.20957589149475098,0.08584251999855042,-0.23948544263839722,0.086557537317276,-0.30429965257644653,0.08118465542793274,-0.22533473372459412,0.07753115892410278,-0.19034713506698608,0.0380745530128479,-0.24378278851509094,0.04256758093833923,-0.30235034227371216,0.045396387577056885,-0.2058408260345459,0.04284048080444336,-0.1876736283302307,-0.008816361427307129,-0.23439142107963562,-0.00558510422706604,-0.29275986552238464,0.003811359405517578,-0.20705872774124146,0.0015422999858856201,-0.18559640645980835,-0.05435332655906677,-0.21682807803153992,-0.05241021513938904,-0.2690945863723755,-0.03646025061607361,-0.2150806188583374,-0.03411802649497986,-0.19136452674865723,A
0.0,0.0,0.06809324026107788,-0.0461726188659668,0.1255226731300354,-0.12122243642807007,0.17724263668060303,-0.1850060224533081,0.2244153618812561,-0.20970821380615234,0.08603543043136597,-0.2396887242794037,0.08666330575942993,-0.3042733371257782,0.08176621794700623,-0.22546616196632385,0.07806816697120667,-0.19098341464996338,0.037975013256073,-0.24424126744270325,0.04200732707977295,-0.3027980923652649,0.045379817485809326,-0.20636659860610962,0.04320871829986572,-0.18875759840011597,-0.008790135383605957,-0.23503586649894714,-0.006134450435638428,-0.29278409481048584,0.00365641713142395,-0.20698070526123047,0.002008378505706787,-0.1856343150138855,-0.05402374267578125,-0.21756267547607422,-0.05323025584220886,-0.2702178359031677,-0.036669373512268066,-0.21573296189308167,-0.032976359128952026,-0.19143229722976685,A
0.0,0.0,0.0684867799282074,-0.045729994773864746,0.12608715891838074,-0.12155044078826904,0.177657812833786,-0.18457239866256714,0.22489550709724426,-0.208407461643219,0.08581224083900452,-0.23840150237083435,0.08679273724555969,-0.3036805987358093,0.08135190606117249,-0.2245674729347229,0.07729476690292358,-0.18982404470443726,0.03818592429161072,-0.24261629581451416,0.04288807511329651,-0.3018183708190918,0.045571357011795044,-0.20514661073684692,0.04260295629501343,-0.1864427924156189,-0.008591681718826294,-0.23335722088813782,-0.005190044641494751,-0.2911919057369232,0.0039189159870147705,-0.20538628101348877,0.0015191137790679932,-0.1845645308494568,-0.054041534662246704,-0.21607407927513123,-0.05215507745742798,-0.267966628074646,-0.036333709955215454,-0.2135179042816162,-0.033971697092056274,-0.19024282693862915,A
0.0,0.0,0.06824693083763123,-0.04569733142852783,0.1259070634841919,-0.12218397855758667,0.17731577157974243,-0.1852065920829773,0.22446388006210327,-0.2086927890777588,0.08538767695426941,-0.23837977647781372,0.08622884750366211,-0.30341824889183044,0.08104833960533142,-0.22455763816833496,0.07717901468276978,-0.18933600187301636,0.037649333477020264,-0.24279266595840454,0.04222038388252258,-0.30158907175064087,0.04540321230888367,-0.20535314083099365,0.04272177815437317,-0.18605250120162964,-0.009129524230957031,-0.23344430327415466,-0.005876272916793823,-0.2914533019065857,0.003675997257232666,-0.205990731716156,0.001434028148651123,-0.1842404007911682,-0.05457824468612671,-0.21585613489151,-0.05266547203063965,-0.26821884512901306,-0.036521583795547485,-0.2142566442489624,-0.033871352672576904,-0.1904507875442505,A
0.0,0.0,0.06835415959358215,-0.046680331230163574,0.12622565031051636,-0.1228785514831543,0.1778821349143982,-0.1860905885696411,0.22477728128433228,-0.21014761924743652,0.08576390147209167,-0.2393627166748047,0.08676502108573914,-0.304810106754303,0.08155497908592224,-0.22556349635124207,0.07758837938308716,-0.19053775072097778,0.0380018949508667,-0.24363774061203003,0.04284939169883728,-0.30247822403907776,0.04570305347442627,-0.20584207773208618,0.04290851950645447,-0.1873081922531128,-0.008750587701797485,-0.2342957854270935,-0.005313217639923096,-0.292108416557312,0.004016906023025513,-0.2064511775970459,0.0016808807849884033,-0.1852474808692932,-0.054126620292663574,-0.2167307436466217,-0.051989078521728516,-0.269355446100235,-0.035880088806152344,-0.21542367339134216,-0.03339958190917969,-0.19169867038726807,A
0.0,0.0,0.06844666600227356,-0.046323299407958984,0.12603390216827393,-0.12223076820373535,0.17769861221313477,-0.18523627519607544,0.2246156930923462,-0.20951080322265625,0.08543482422828674,-0.2388116419315338,0.08665937185287476,-0.30414825677871704,0.08135214447975159,-0.22509557008743286,0.07735741138458252,-0.19034254550933838,0.037792205810546875,-0.2430287003517151,0.042705386877059937,-0.3018714189529419,0.0455394983291626,-0.20541614294052124,0.04263231158256531,-0.18700551986694336,-0.008993953466415405,-0.2337488830089569,-0.005155026912689209,-0.29178428649902344,0.0039799511432647705,-0.2060803771018982,0.0013440847396850586,-0.18477731943130493,-0.054455310106277466,-0.2164517641067505,-0.05185139179229736,-0.26873159408569336,-0.036040812730789185,-0.21501502394676208,-0.03407302498817444,-0.19148921966552734,A
0.0,0.0,0.06833043694496155,-0.046488404273986816,0.1258057951927185,-0.1224706768989563,0.17741107940673828,-0.18564081192016602,0.22439193725585938,-0.2096949815750122,0.08533504605293274,-0.23919284343719482,0.08622652292251587,-0.3045791983604431,0.0809158980846405,-0.2254030406475067,0.07710355520248413,-0.19064152240753174,0.037673622369766235,-0.2433232069015503,0.042403727769851685,-0.3021147847175598,0.04521608352661133,-0.20556503534317017,0.042459338903427124,-0.1875898838043213,-0.009066611528396606,-0.234025239944458,-0.005589008331298828,-0.29175302386283875,0.003585219383239746,-0.20619946718215942,0.0011788606643676758,-0.18561065196990967,-0.054480403661727905,-0.21664848923683167,-0.0523412823677063,-0.26866236329078674,-0.03642439842224121,-0.21479037404060364,-0.03409329056739807,-0.19153881072998047,A
0.0,0.0,0.06795984506607056,-0.046198248863220215,0.12675991654396057,-0.12177926301956177,0.17851391434669495,-0.1824702024459839,0.22457751631736755,-0.20519399642944336,0.08565521240234375,-0.23634594678878784,0.0870223343372345,-0.29971086978912354,0.08107095956802368,-0.22125643491744995,0.07769915461540222,-0.18924164772033691,0.039261192083358765,-0.2412663698196411,0.044146209955215454,-0.2979457676410675,0.04530641436576843,-0.20383864641189575,0.04171440005302429,-0.18622928857803345,-0.006707996129989624,-0.23266854882240295,-0.0013225674629211426,-0.2901342809200287,0.005213558673858643,-0.2060457170009613,0.0007645785808563232,-0.1848745346069336,-0.05194127559661865,-0.21677514910697937,-0.046744734048843384,-0.26653313636779785,-0.03417325019836426,-0.21241801977157593,-0.035316020250320435,-0.18964946269989014,A
0.0,0.0,0.06772023439407349,-0.0457611083984375,0.1263774037361145,-0.12194782495498657,0.17774325609207153,-0.18294847011566162,0.22364062070846558,-0.20476090908050537,0.08425986766815186,-0.2357686161994934,0.08594611287117004,-0.29870325326919556,0.08095350861549377,-0.22115999460220337,0.07703563570976257,-0.1887047290802002,0.038277000188827515,-0.24111998081207275,0.042951107025146484,-0.2984882891178131,0.04509410262107849,-0.20505905151367188,0.041131019592285156,-0.18642795085906982,-0.006996273994445801,-0.23272642493247986,-0.002709686756134033,-0.2891286611557007,0.00492250919342041,-0.20740368962287903,0.00048041343688964844,-0.18605118989944458,-0.051396727561950684,-0.21737471222877502,-0.04739174246788025,-0.2671395540237427,-0.0340765118598938,-0.21571147441864014,-0.034377336502075195,-0.19318127632141113,A
0.0,0.0,0.06982091069221497,-0.041212499141693115,0.12969359755516052,-0.11283314228057861,0.1820301115512848,-0.1749938726425171,0.2283758819103241,-0.19628307223320007,0.0859082043170929,-0.22745633125305176,0.09009382128715515,-0.2966446280479431,0.08486267924308777,-0.2204670011997223,0.08097156882286072,-0.18417644500732422,0.040590375661849976,-0.2335984706878662,0.04664868116378784,-0.2957041263580322,0.04589858651161194,-0.20204377174377441,0.04187348484992981,-0.18483316898345947,-0.004224002361297607,-0.22784638404846191,0.001563727855682373,-0.2898252010345459,0.006563127040863037,-0.2059609293937683,0.001386791467666626,-0.1848965287208557,-0.049621522426605225,-0.21391886472702026,-0.046834319829940796,-0.26880550384521484,-0.03188905119895935,-0.2171507477760315,-0.029981523752212524,-0.19290190935134888,A
0.0,0.0,0.07035872340202332,-0.044977545738220215,0.1304778754711151,-0.11578965187072754,0.1825387179851532,-0.1752307415008545,0.22722682356834412,-0.19663608074188232,0.09005817770957947,-0.2349514365196228,0.0899520218372345,-0.3000674545764923,0.08344051241874695,-0.22056326270103455,0.08107796311378479,-0.18718290328979492,0.04376542568206787,-0.24142047762870789,0.04753538966178894,-0.3002408742904663,0.04761669039726257,-0.20432806015014648,0.045901358127593994,-0.18502622842788696,-0.0014666616916656494,-0.23466098308563232,0.003523319959640503,-0.2959732115268707,0.008271515369415283,-0.20967990159988403,0.004988223314285278,-0.18516314029693604,-0.0460602343082428,-0.21951228380203247,-0.04403036832809448,-0.2729518413543701,-0.03224724531173706,-0.21864944696426392,-0.03129035234451294,-0.19363588094711304,A
0.0,0.0,0.07007274031639099,-0.04140496253967285,0.12956485152244568,-0.11273658275604248,0.18142297863960266,-0.1720556616783142,0.22670647501945496,-0.19301384687423706,0.0889534056186676,-0.23204034566879272,0.0897655189037323,-0.2978508472442627,0.08392754197120667,-0.21977734565734863,0.08069458603858948,-0.18295878171920776,0.042632848024368286,-0.23818182945251465,0.04700028896331787,-0.2986352741718292,0.047569334506988525,-0.2027110457420349,0.045294880867004395,-0.1801377534866333,-0.0025886595249176025,-0.23136600852012634,0.0019000768661499023,-0.29242751002311707,0.007229655981063843,-0.20656540989875793,0.0038090646266937256,-0.18064677715301514,-0.047123610973358154,-0.21637877821922302,-0.045375823974609375,-0.2703751027584076,-0.033305615186691284,-0.21649664640426636,-0.031833380460739136,-0.19072061777114868,A
0.0,0.0,0.07144606113433838,-0.04174274206161499,0.1313244104385376,-0.11616027355194092,0.1825353503227234,-0.1737755537033081,0.2262284755706787,-0.19325920939445496,0.08966249227523804,-0.22630241513252258,0.09612727165222168,-0.2941783666610718,0.0900302529335022,-0.21542373299598694,0.0854949951171875,-0.1824323534965515,0.04498434066772461,-0.23250773549079895,0.05305725336074829,-0.29330140352249146,0.051999807357788086,-0.19881519675254822,0.047511398792266846,-0.18208318948745728,0.001084834337234497,-0.22611182928085327,0.009091705083847046,-0.2844153344631195,0.013893812894821167,-0.20122572779655457,0.008580982685089111,-0.1823393702507019,-0.04301643371582031,-0.21205195784568787,-0.038868457078933716,-0.2638017535209656,-0.025062859058380127,-0.2125067114830017,-0.024219989776611328,-0.18998581171035767,A
0.0,0.0,0.06972801685333252,-0.04432094097137451,0.1304234266281128,-0.11940634250640869,0.18060201406478882,-0.17689234018325806,0.22331929206848145,-0.19558566808700562,0.0878114104270935,-0.2316599190235138,0.09364151954650879,-0.29702386260032654,0.08827441930770874,-0.21706828474998474,0.08404982089996338,-0.1844855546951294,0.042618244886398315,-0.23786604404449463,0.05083823204040527,-0.29328641295433044,0.05189669132232666,-0.1998605728149414,0.04650908708572388,-0.18218761682510376,-0.0021182000637054443,-0.22971785068511963,0.00556519627571106,-0.28870880603790283,0.012473136186599731,-0.20491689443588257,0.007037043571472168,-0.182170569896698,-0.0467456579208374,-0.2135169804096222,-0.040635764598846436,-0.2653881907463074,-0.026382148265838623,-0.2137528359889984,-0.026555180549621582,-0.19018793106079102,A
0.0,0.0,0.06891390681266785,-0.042990803718566895,0.1298341453075409,-0.11802554130554199,0.18015792965888977,-0.17422592639923096,0.2221815288066864,-0.19399785995483398,0.08711132407188416,-0.23073697090148926,0.09408619999885559,-0.29570508003234863,0.08829709887504578,-0.21546682715415955,0.08319029211997986,-0.1837964653968811,0.04190656542778015,-0.23628556728363037,0.05142226815223694,-0.2921931743621826,0.05226883292198181,-0.19820713996887207,0.046099692583084106,-0.18131309747695923,-0.002882033586502075,-0.2281402051448822,0.00640985369682312,-0.28735482692718506,0.012791961431503296,-0.2025698721408844,0.006346553564071655,-0.18108707666397095,-0.04746630787849426,-0.21253785490989685,-0.038960546255111694,-0.2634349465370178,-0.025844097137451172,-0.21094220876693726,-0.0278567373752594,-0.18816500902175903,A
0.0,0.0,0.06832253932952881,-0.04007601737976074,0.1257895827293396,-0.11549830436706543,0.17318695783615112,-0.17266666889190674,0.21204769611358643,-0.1939087212085724,0.08171099424362183,-0.22262823581695557,0.09199380874633789,-0.2890317440032959,0.08682656288146973,-0.21653878688812256,0.078826904296875,-0.18587008118629456,0.03794088959693909,-0.22685959935188293,0.0485495924949646,-0.2835540771484375,0.04955875873565674,-0.19349351525306702,0.04127299785614014,-0.17661353945732117,-0.005358338356018066,-0.2181088626384735,0.0031144022941589355,-0.27446338534355164,0.010236203670501709,-0.19414421916007996,0.002389967441558838,-0.17567360401153564,-0.04925093054771423,-0.2019004225730896,-0.04061788320541382,-0.25010451674461365,-0.027449876070022583,-0.19955363869667053,-0.03076833486557007,-0.1783953309059143,A
0.0,0.0,0.06848305463790894,-0.04188740253448486,0.12425434589385986,-0.11426794528961182,0.16943788528442383,-0.1721952259540558,0.2091437578201294,-0.19093549251556396,0.07986849546432495,-0.22092801332473755,0.0874549150466919,-0.28720924258232117,0.08409696817398071,-0.2122122347354889,0.07881766557693481,-0.18285655975341797,0.03578990697860718,-0.22488561272621155,0.0441000759601593,-0.2819206714630127,0.0482027530670166,-0.19216585159301758,0.04302698373794556,-0.17717930674552917,-0.006589114665985107,-0.21700242161750793,0.0006144940853118896,-0.27470046281814575,0.009459376335144043,-0.19451510906219482,0.0045393407344818115,-0.17456400394439697,-0.048616647720336914,-0.20223122835159302,-0.0426974892616272,-0.2538440227508545,-0.028843343257904053,-0.2048671543598175,-0.029361218214035034,-0.18261340260505676,A
0.0,0.0,0.06471005082130432,-0.04563075304031372,0.11922287940979004,-0.11494988203048706,0.16493123769760132,-0.17149940133094788,0.20561307668685913,-0.1916968822479248,0.07283088564872742,-0.2186492681503296,0.07741335034370422,-0.28235924243927,0.07461851835250854,-0.2066720426082611,0.07172265648841858,-0.17913439869880676,0.0316830575466156,-0.22068718075752258,0.03718045353889465,-0.27669522166252136,0.04111200571060181,-0.18918761610984802,0.0379733145236969,-0.1757429838180542,-0.008463084697723389,-0.21198582649230957,-0.00467073917388916,-0.26854977011680603,0.0039421021938323975,-0.18946009874343872,0.001952826976776123,-0.17200535535812378,-0.04774323105812073,-0.19615814089775085,-0.04699903726577759,-0.24521726369857788,-0.03355824947357178,-0.19581252336502075,-0.031415343284606934,-0.17335790395736694,A
0.0,0.0,0.06483864784240723,-0.04408121109008789,0.11484462022781372,-0.11191415786743164,0.15819358825683594,-0.16857028007507324,0.19735652208328247,-0.18809890747070312,0.07150420546531677,-0.21601027250289917,0.07613962888717651,-0.27979809045791626,0.07309842109680176,-0.20773300528526306,0.06911078095436096,-0.1774306297302246,0.02865198254585266,-0.21837636828422546,0.0349501371383667,-0.27427226305007935,0.039029479026794434,-0.18595626950263977,0.03594526648521423,-0.1692565381526947,-0.0119781494140625,-0.2093212604522705,-0.007132530212402344,-0.26294955611228943,0.002000957727432251,-0.1854078769683838,-0.0008759498596191406,-0.1661665141582489,-0.05140644311904907,-0.19247382879257202,-0.048385173082351685,-0.24370217323303223,-0.03373342752456665,-0.19570952653884888,-0.03259819746017456,-0.1726917028427124,A
0.0,0.0,0.06250005960464478,-0.04330790042877197,0.1120440661907196,-0.10926979780197144,0.15481910109519958,-0.16438058018684387,0.1939818561077118,-0.18500632047653198,0.06950893998146057,-0.21276089549064636,0.0724901556968689,-0.27554917335510254,0.06972426176071167,-0.20580840110778809,0.06593063473701477,-0.17284202575683594,0.02759501338005066,-0.2148677110671997,0.03147047758102417,-0.2710249423980713,0.03651881217956543,-0.1850719451904297,0.034722208976745605,-0.16415661573410034,-0.012691229581832886,-0.20544341206550598,-0.010382205247879028,-0.2598029375076294,-0.0002187192440032959,-0.1841854751110077,-0.0018390417098999023,-0.16025874018669128,-0.05233287811279297,-0.1888790726661682,-0.0518513023853302,-0.24012762308120728,-0.03647196292877197,-0.1938827931880951,-0.03306305408477783,-0.16886472702026367,A
0.0,0.0,0.0648338794708252,-0.0493624210357666,0.11378362774848938,-0.11045300960540771,0.15799757838249207,-0.1659661829471588,0.19509342312812805,-0.1907106339931488,0.06843006610870361,-0.2150745987892151,0.06702283024787903,-0.2805503010749817,0.06476756930351257,-0.2108939290046692,0.06411817669868469,-0.17071384191513062,0.027865558862686157,-0.21933835744857788,0.029490113258361816,-0.2747095823287964,0.033680230379104614,-0.1891220510005951,0.033760517835617065,-0.16169044375419617,-0.012529253959655762,-0.20918458700180054,-0.009655386209487915,-0.26893195509910583,-0.0015437304973602295,-0.19119635224342346,-0.002490013837814331,-0.1604442596435547,-0.05237540602684021,-0.18899893760681152,-0.0508708655834198,-0.24406766891479492,-0.03706619143486023,-0.19512945413589478,-0.0330466628074646,-0.16713091731071472,A
0.0,0.0,0.06301760673522949,-0.04185670614242554,0.11240813136100769,-0.10712122917175293,0.1555558443069458,-0.16316348314285278,0.1945286989212036,-0.18481892347335815,0.06837812066078186,-0.21388757228851318,0.06825694441795349,-0.27868321537971497,0.06542083621025085,-0.20941728353500366,0.06297227740287781,-0.1699369251728058,0.025985300540924072,-0.2156316041946411,0.02693045139312744,-0.27351391315460205,0.03201577067375183,-0.1869410276412964,0.03198063373565674,-0.15942078828811646,-0.014219701290130615,-0.20548343658447266,-0.01325976848602295,-0.26240092515945435,-0.0038602352142333984,-0.18544134497642517,-0.004566550254821777,-0.15653377771377563,-0.05284598469734192,-0.18711134791374207,-0.053799211978912354,-0.24131923913955688,-0.0397895872592926,-0.1941223442554474,-0.0357511043548584,-0.16761869192123413,A
0.0,0.0,0.06302785873413086,-0.043419480323791504,0.11159834265708923,-0.11018407344818115,0.15422937273979187,-0.16530823707580566,0.19292566180229187,-0.18717461824417114,0.06498485803604126,-0.21771696209907532,0.06426024436950684,-0.28133830428123474,0.06258019804954529,-0.21110090613365173,0.060685962438583374,-0.17165088653564453,0.022358834743499756,-0.2193027138710022,0.023844420909881592,-0.2761046588420868,0.030160337686538696,-0.1878868043422699,0.029604434967041016,-0.15951472520828247,-0.018139302730560303,-0.2078908085823059,-0.016291052103042603,-0.2629423141479492,-0.005260676145553589,-0.18452417850494385,-0.00608554482460022,-0.15546265244483948,-0.056915998458862305,-0.18771865963935852,-0.056622087955474854,-0.243738055229187,-0.04102504253387451,-0.19536468386650085,-0.036908894777297974,-0.16752880811691284,A
0.0,0.0,0.06101483106613159,-0.04435372352600098,0.10930675268173218,-0.11227339506149292,0.15175095200538635,-0.1681080162525177,0.18988081812858582,-0.19271036982536316,0.06431886553764343,-0.21791523694992065,0.062349796295166016,-0.2824659049510956,0.0618647038936615,-0.2138693630695343,0.0595262348651886,-0.17273375391960144,0.02221354842185974,-0.21839970350265503,0.02044069766998291,-0.27686840295791626,0.028778642416000366,-0.19167986512184143,0.028689324855804443,-0.16053390502929688,-0.018307387828826904,-0.2064334750175476,-0.019423753023147583,-0.2650465965270996,-0.0062784552574157715,-0.18717896938323975,-0.006690949201583862,-0.15463468432426453,-0.057703644037246704,-0.18543824553489685,-0.059833794832229614,-0.2413393259048462,-0.042402565479278564,-0.19401299953460693,-0.036699652671813965,-0.1649165153503418,A
0.0,0.0,0.060786813497543335,-0.045581817626953125,0.10868439078330994,-0.11220604181289673,0.15153560042381287,-0.1682230532169342,0.18968245387077332,-0.19366589188575745,0.06447732448577881,-0.21849432587623596,0.061966270208358765,-0.28444862365722656,0.062168002128601074,-0.21606120467185974,0.06008133292198181,-0.17480745911598206,0.022293508052825928,-0.21862122416496277,0.020358681678771973,-0.27711790800094604,0.029207289218902588,-0.191371887922287,0.02921295166015625,-0.16108134388923645,-0.018277734518051147,-0.2066187858581543,-0.01917213201522827,-0.26541560888290405,-0.005866259336471558,-0.1867826282978058,-0.006289243698120117,-0.15464094281196594,-0.057677239179611206,-0.18565639853477478,-0.05947062373161316,-0.24188324809074402,-0.04220125079154968,-0.19369807839393616,-0.0367756187915802,-0.16454648971557617,A
0.0,0.0,0.06088683009147644,-0.043332815170288086,0.10955652594566345,-0.11222857236862183,0.1521490514278412,-0.16853144764900208,0.19093915820121765,-0.19193607568740845,0.06591439247131348,-0.21389561891555786,0.0611322820186615,-0.2798117697238922,0.059411078691482544,-0.21067556738853455,0.0589965283870697,-0.16930678486824036,0.024163007736206055,-0.2140650451183319,0.022823452949523926,-0.27320513129234314,0.028817564249038696,-0.18701857328414917,0.028805673122406006,-0.15508604049682617,-0.01659056544303894,-0.20333680510520935,-0.01718124747276306,-0.2636234164237976,-0.006458669900894165,-0.18459975719451904,-0.006911665201187134,-0.15106216073036194,-0.05642363429069519,-0.1849370300769806,-0.058409929275512695,-0.2417811155319214,-0.04281070828437805,-0.19408059120178223,-0.03805255889892578,-0.16431039571762085,A
0.0,0.0,0.060602039098739624,-0.04073917865753174,0.11005520820617676,-0.11091303825378418,0.15236523747444153,-0.16637009382247925,0.19053915143013,-0.18985360860824585,0.0655866265296936,-0.21262747049331665,0.06181734800338745,-0.27856385707855225,0.06098949909210205,-0.20926722884178162,0.060001254081726074,-0.16706687211990356,0.023672759532928467,-0.2121473252773285,0.022946447134017944,-0.27197498083114624,0.030046582221984863,-0.18581539392471313,0.029613077640533447,-0.15262112021446228,-0.01707443594932556,-0.20080506801605225,-0.017629295587539673,-0.26096391677856445,-0.005834668874740601,-0.1824226975440979,-0.006314635276794434,-0.1479567289352417,-0.05665960907936096,-0.18174484372138977,-0.05922669172286987,-0.23874983191490173,-0.0424078106880188,-0.19248205423355103,-0.036971598863601685,-0.162539541721344,A
0.0,0.0,0.0626329779624939,-0.04085415601730347,0.11248552799224854,-0.11075079441070557,0.15492308139801025,-0.1681680679321289,0.19441884756088257,-0.1902807056903839,0.06895798444747925,-0.21345171332359314,0.06428182125091553,-0.27819645404815674,0.06203562021255493,-0.20703712105751038,0.06184345483779907,-0.1693476140499115,0.026853233575820923,-0.21315139532089233,0.02634519338607788,-0.27091148495674133,0.03122401237487793,-0.18338897824287415,0.031004101037979126,-0.15756887197494507,-0.013976573944091797,-0.20340776443481445,-0.01403626799583435,-0.26348403096199036,-0.004547417163848877,-0.1825772225856781,-0.005213320255279541,-0.15325447916984558,-0.054035842418670654,-0.18623089790344238,-0.05380704998970032,-0.23889419436454773,-0.038951486349105835,-0.1859789490699768,-0.034991174936294556,-0.1568305492401123,A
0.0,0.0,0.06209245324134827,-0.03983956575393677,0.11250856518745422,-0.10792583227157593,0.15587982535362244,-0.16468843817710876,0.1947328746318817,-0.18731611967086792,0.07040086388587952,-0.21291488409042358,0.06619682908058167,-0.27719974517822266,0.0654689371585846,-0.20679816603660583,0.06473666429519653,-0.1676361858844757,0.02780136466026306,-0.21284744143486023,0.02660474181175232,-0.27041906118392944,0.03364947438240051,-0.18291738629341125,0.03341323137283325,-0.15518781542778015,-0.013195544481277466,-0.2017449140548706,-0.014812201261520386,-0.2573833167552948,-0.003030836582183838,-0.1776358187198639,-0.0031132102012634277,-0.1485498547554016,-0.05324557423591614,-0.1825670301914215,-0.05485653877258301,-0.2348293662071228,-0.038845986127853394,-0.18379297852516174,-0.034593164920806885,-0.15555638074874878,A
0.0,0.0,0.0612645149230957,-0.04040670394897461,0.11160564422607422,-0.10908502340316772,0.15525609254837036,-0.16601842641830444,0.19456911087036133,-0.1880808174610138,0.0706574022769928,-0.21485894918441772,0.06648135185241699,-0.27674317359924316,0.06547874212265015,-0.20518234372138977,0.06477716565132141,-0.16804033517837524,0.028174549341201782,-0.215333491563797,0.027590394020080566,-0.27105164527893066,0.034519702196121216,-0.18312430381774902,0.03412061929702759,-0.15813857316970825,-0.01293867826461792,-0.20453372597694397,-0.013772696256637573,-0.2595653533935547,-0.002405107021331787,-0.17989414930343628,-0.003073275089263916,-0.1528184413909912,-0.053333580493927,-0.1858658790588379,-0.05365586280822754,-0.23669016361236572,-0.03860616683959961,-0.18600478768348694,-0.03586241602897644,-0.1595330834388733,A
0.0,0.0,0.06385421752929688,-0.04094338417053223,0.11484318971633911,-0.10712176561355591,0.1592884063720703,-0.16391900181770325,0.19892120361328125,-0.18592965602874756,0.07318812608718872,-0.21218502521514893,0.07151651382446289,-0.27633997797966003,0.06945037841796875,-0.20538756251335144,0.06884932518005371,-0.1705312430858612,0.03211739659309387,-0.2134263813495636,0.0328974723815918,-0.26752257347106934,0.036896705627441406,-0.1816159188747406,0.03697580099105835,-0.16289100050926208,-0.008044391870498657,-0.20479029417037964,-0.006386369466781616,-0.26038697361946106,0.0017524361610412598,-0.18259790539741516,0.0009720325469970703,-0.1603642702102661,-0.0479159951210022,-0.18876338005065918,-0.046765655279159546,-0.23856523633003235,-0.03358834981918335,-0.18791049718856812,-0.03132238984107971,-0.16313207149505615,A
0.0,0.0,0.06162253022193909,-0.036376893520355225,0.11348545551300049,-0.10269546508789062,0.15826773643493652,-0.15819934010505676,0.19779163599014282,-0.17981818318367004,0.07444623112678528,-0.21065878868103027,0.07166004180908203,-0.2717745900154114,0.06945347785949707,-0.2012922763824463,0.06800976395606995,-0.16539126634597778,0.03220227360725403,-0.21247658133506775,0.03212597966194153,-0.2674403786659241,0.037589073181152344,-0.18005025386810303,0.03743720054626465,-0.1570248007774353,-0.008776992559432983,-0.2034900188446045,-0.009292393922805786,-0.25671401619911194,0.0005421340465545654,-0.17813381552696228,0.0001366138458251953,-0.1535709798336029,-0.048983871936798096,-0.18683460354804993,-0.049002498388290405,-0.2359374463558197,-0.03537273406982422,-0.18470078706741333,-0.032887548208236694,-0.15886718034744263,A
0.0,0.0,0.06088933348655701,-0.03641229867935181,0.11250600218772888,-0.10431522130966187,0.15704062581062317,-0.15971550345420837,0.19638612866401672,-0.18060043454170227,0.07338583469390869,-0.2116996943950653,0.07031705975532532,-0.2725367248058319,0.06813842058181763,-0.20231866836547852,0.06706205010414124,-0.16759544610977173,0.031057924032211304,-0.21361836791038513,0.031316280364990234,-0.2683705687522888,0.03667011857032776,-0.1817065179347992,0.036299288272857666,-0.16003239154815674,-0.00994175672531128,-0.20480164885520935,-0.010352402925491333,-0.25807273387908936,-0.00040850043296813965,-0.1800740659236908,-0.0009567737579345703,-0.1562720537185669,-0.0501592755317688,-0.18849468231201172,-0.050167977809906006,-0.23726698756217957,-0.03685122728347778,-0.18677175045013428,-0.03475871682167053,-0.1620819866657257,A
0.0,0.0,0.0632496178150177,-0.03866690397262573,0.11538228392601013,-0.10331779718399048,0.16009870171546936,-0.15855225920677185,0.19991889595985413,-0.17931079864501953,0.07645455002784729,-0.21095329523086548,0.073824942111969,-0.2739497125148773,0.07019099593162537,-0.20346161723136902,0.06973952054977417,-0.16786959767341614,0.034955888986587524,-0.2135377824306488,0.03586098551750183,-0.26809895038604736,0.03788256645202637,-0.1821441352367401,0.03827729821205139,-0.16138824820518494,-0.005539596080780029,-0.2055758833885193,-0.0034814178943634033,-0.25985705852508545,0.002529233694076538,-0.18339529633522034,0.0016415119171142578,-0.16010811924934387,-0.04556426405906677,-0.1904354691505432,-0.04449924826622009,-0.23982024192810059,-0.03289639949798584,-0.1904759705066681,-0.03048643469810486,-0.16605481505393982,A
0.0,0.0,0.061976850032806396,-0.037171244621276855,0.11388444900512695,-0.1020401120185852,0.15885865688323975,-0.156662255525589,0.19861972332000732,-0.17716047167778015,0.0757458508014679,-0.2100503146648407,0.07410749793052673,-0.273270845413208,0.07137972116470337,-0.20291966199874878,0.06946244835853577,-0.1665937602519989,0.033952921628952026,-0.2128942310810089,0.035678595304489136,-0.2689661979675293,0.03994184732437134,-0.18183544278144836,0.0388033390045166,-0.1584593653678894,-0.00710529088973999,-0.20468616485595703,-0.00574493408203125,-0.2584145963191986,0.003114849328994751,-0.1797965168952942,0.0015966296195983887,-0.15492525696754456,-0.047816455364227295,-0.18888330459594727,-0.04643067717552185,-0.2401508092880249,-0.033012717962265015,-0.18937283754348755,-0.030848264694213867,-0.1633710265159607,A
0.0,0.0,0.06220865249633789,-0.03713047504425049,0.1144355833530426,-0.1016467809677124,0.15873345732688904,-0.1560060977935791,0.19754162430763245,-0.17640173435211182,0.07502183318138123,-0.20998206734657288,0.07413476705551147,-0.2721753418445587,0.07099279761314392,-0.20082825422286987,0.06881502270698547,-0.1653437614440918,0.03356674313545227,-0.21256518363952637,0.03549647331237793,-0.2679224908351898,0.03962773084640503,-0.18096333742141724,0.038210391998291016,-0.1576862335205078,-0.007039159536361694,-0.20409178733825684,-0.005351454019546509,-0.25819501280784607,0.0032014548778533936,-0.1797133982181549,0.0013634264469146729,-0.15482717752456665,-0.047435641288757324,-0.1880580186843872,-0.04600495100021362,-0.23912447690963745,-0.03273037075996399,-0.18841680884361267,-0.03069096803665161,-0.16257426142692566,A
0.0,0.0,0.06431746482849121,-0.038276731967926025,0.1174846887588501,-0.10176026821136475,0.16208773851394653,-0.15500441193580627,0.20011669397354126,-0.1746636927127838,0.078555166721344,-0.20608830451965332,0.07890230417251587,-0.26993298530578613,0.0744163990020752,-0.19920819997787476,0.0722457766532898,-0.16555240750312805,0.03766623139381409,-0.20895326137542725,0.04098790884017944,-0.2629460394382477,0.0424312949180603,-0.17805764079093933,0.04083108901977539,-0.15957820415496826,-0.002377718687057495,-0.2011469602584839,0.0017978549003601074,-0.25518614053726196,0.0075279176235198975,-0.17885145545005798,0.004968822002410889,-0.15746697783470154,-0.042462944984436035,-0.18624678254127502,-0.03913909196853638,-0.2351565659046173,-0.027312755584716797,-0.18552780151367188,-0.0262947678565979,-0.16202795505523682,A
0.0,0.0,0.0622466504573822,-0.0370638370513916,0.11509177088737488,-0.09831839799880981,0.16062381863594055,-0.15119221806526184,0.1998904049396515,-0.17056173086166382,0.0769793689250946,-0.20622360706329346,0.07943841814994812,-0.267535924911499,0.07579043507575989,-0.19703885912895203,0.071753591299057,-0.16148114204406738,0.03584033250808716,-0.2096826434135437,0.03942972421646118,-0.2642121911048889,0.04294148087501526,-0.17773950099945068,0.04048612713813782,-0.15507987141609192,-0.004432410001754761,-0.2010776400566101,-0.0009692609310150146,-0.2525480389595032,0.00718650221824646,-0.174574077129364,0.00429341197013855,-0.15102463960647583,-0.04502168297767639,-0.1842937171459198,-0.04154744744300842,-0.2332010269165039,-0.028298288583755493,-0.18284833431243896,-0.027819454669952393,-0.15867000818252563,A
0.0,0.0,0.06251317262649536,-0.04061174392700195,0.11403661966323853,-0.09924286603927612,0.1600854992866516,-0.15079739689826965,0.1985906958580017,-0.17102593183517456,0.07689779996871948,-0.2040800154209137,0.07928436994552612,-0.2671680450439453,0.07584875822067261,-0.19709384441375732,0.07228314876556396,-0.16256669163703918,0.036200881004333496,-0.20719555020332336,0.04053780436515808,-0.26092737913131714,0.04377284646034241,-0.1757780909538269,0.041074395179748535,-0.15512734651565552,-0.003748953342437744,-0.19830989837646484,0.0010233819484710693,-0.2506103515625,0.00883522629737854,-0.17389804124832153,0.005893439054489136,-0.15182003378868103,-0.043450236320495605,-0.18174949288368225,-0.039075762033462524,-0.2312677800655365,-0.025442570447921753,-0.18097808957099915,-0.025214076042175293,-0.15798410773277283,A
0.0,0.0,0.061478763818740845,-0.038994789123535156,0.11303633451461792,-0.09817439317703247,0.1583004593849182,-0.14871472120285034,0.197259783744812,-0.16820034384727478,0.07530421018600464,-0.20338338613510132,0.07832199335098267,-0.26448801159858704,0.07444101572036743,-0.19477877020835876,0.07006770372390747,-0.1599838137626648,0.03419819474220276,-0.20669397711753845,0.03852403163909912,-0.2604428827762604,0.04180148243904114,-0.17564105987548828,0.03892672061920166,-0.15370714664459229,-0.005697518587112427,-0.1977640986442566,-0.0011702179908752441,-0.2481287717819214,0.006933093070983887,-0.17213350534439087,0.003915309906005859,-0.14936116337776184,-0.045560359954833984,-0.18109053373336792,-0.04112505912780762,-0.2290111780166626,-0.027450472116470337,-0.17971891164779663,-0.027238309383392334,-0.15668907761573792,A
0.0,0.0,0.06114336848258972,-0.040025413036346436,0.11235621571540833,-0.09817254543304443,0.15731969475746155,-0.1486719846725464,0.19602587819099426,-0.16850748658180237,0.07400593161582947,-0.20324426889419556,0.07724305987358093,-0.26425862312316895,0.07398834824562073,-0.19542178511619568,0.0695599615573883,-0.15970414876937866,0.03331613540649414,-0.20672106742858887,0.037743836641311646,-0.25958243012428284,0.04160234332084656,-0.17529359459877014,0.03857395052909851,-0.15279817581176758,-0.006171286106109619,-0.19740766286849976,-0.0015648603439331055,-0.2475222945213318,0.006671428680419922,-0.17221444845199585,0.0031502842903137207,-0.1492745280265808,-0.04577702283859253,-0.17983809113502502,-0.04135400056838989,-0.22827357053756714,-0.02772960066795349,-0.1795583963394165,-0.0278317928314209,-0.15669149160385132,A
0.0,0.0,0.060874760150909424,-0.03981339931488037,0.11321443319320679,-0.09959179162979126,0.1575126051902771,-0.1507934033870697,0.19553446769714355,-0.16971689462661743,0.07371675968170166,-0.201788991689682,0.07499241828918457,-0.2625073790550232,0.07222968339920044,-0.19249513745307922,0.06976073980331421,-0.16033124923706055,0.03334230184555054,-0.20451396703720093,0.037517160177230835,-0.25703322887420654,0.041264623403549194,-0.1731199026107788,0.038441866636276245,-0.15394192934036255,-0.006081759929656982,-0.19600909948349,-0.0015079677104949951,-0.2492605447769165,0.0064851343631744385,-0.17281600832939148,0.0032973885536193848,-0.1503480076789856,-0.04606109857559204,-0.1803816556930542,-0.042106568813323975,-0.22861093282699585,-0.028182029724121094,-0.17901283502578735,-0.027604103088378906,-0.15554708242416382,A
0.0,0.0,0.06053757667541504,-0.036789536476135254,0.11256366968154907,-0.09674674272537231,0.15635722875595093,-0.1487521529197693,0.19523048400878906,-0.16769883036613464,0.07380324602127075,-0.20083004236221313,0.07409769296646118,-0.26273220777511597,0.07240056991577148,-0.19424545764923096,0.07006388902664185,-0.1585080623626709,0.03313088417053223,-0.2032415270805359,0.03622445464134216,-0.25753602385520935,0.04085543751716614,-0.17346182465553284,0.03861957788467407,-0.15208637714385986,-0.0066814422607421875,-0.19454851746559143,-0.003303825855255127,-0.2474537193775177,0.005259573459625244,-0.1719706952571869,0.002191483974456787,-0.14901486039161682,-0.04694095253944397,-0.17814502120018005,-0.04369837045669556,-0.22737109661102295,-0.02986466884613037,-0.17988014221191406,-0.02891400456428528,-0.15627825260162354,A
0.0,0.0,0.060878247022628784,-0.03795534372329712,0.1137065589427948,-0.09772461652755737,0.15796545147895813,-0.15078309178352356,0.19670769572257996,-0.16957217454910278,0.07514968514442444,-0.20291239023208618,0.07440552115440369,-0.2636045217514038,0.07275000214576721,-0.19440096616744995,0.07082930207252502,-0.16043123602867126,0.03390476107597351,-0.2052883803844452,0.03675761818885803,-0.2580529749393463,0.0416523814201355,-0.1732819676399231,0.03959134221076965,-0.15434595942497253,-0.006107956171035767,-0.19658967852592468,-0.003118455410003662,-0.24919280409812927,0.005773723125457764,-0.17305752635002136,0.003098398447036743,-0.15105918049812317,-0.04646328091621399,-0.1802099645137787,-0.04398396611213684,-0.22896090149879456,-0.029772907495498657,-0.1812586784362793,-0.028355717658996582,-0.15849265456199646,A
0.0,0.0,0.06324547529220581,-0.03643476963043213,0.11744892597198486,-0.09885144233703613,0.1626841425895691,-0.15378636121749878,0.20235145092010498,-0.17177671194076538,0.0772668719291687,-0.20413944125175476,0.07925355434417725,-0.2676934003829956,0.07563096284866333,-0.1952892541885376,0.07290542125701904,-0.16278085112571716,0.0361170768737793,-0.2073017954826355,0.04047977924346924,-0.26121634244918823,0.042439281940460205,-0.17455428838729858,0.0390629768371582,-0.15752971172332764,-0.0043537914752960205,-0.19948798418045044,0.001667320728302002,-0.25506722927093506,0.008361786603927612,-0.17669284343719482,0.004224002361297607,-0.15592902898788452,-0.045535147190093994,-0.18401288986206055,-0.04000958800315857,-0.23343199491500854,-0.026305317878723145,-0.18214738368988037,-0.026173651218414307,-0.158895343542099,A
0.0,0.0,0.06267139315605164,-0.03521430492401123,0.11756977438926697,-0.09822261333465576,0.16313406825065613,-0.1512259840965271,0.20236626267433167,-0.1706494688987732,0.07819870114326477,-0.20708447694778442,0.08100375533103943,-0.26916465163230896,0.07782074809074402,-0.19776764512062073,0.0738997757434845,-0.16307610273361206,0.03658163547515869,-0.21010702848434448,0.04147911071777344,-0.26344841718673706,0.04502245783805847,-0.17689144611358643,0.04193201661109924,-0.15731748938560486,-0.003960102796554565,-0.20174044370651245,0.0007913708686828613,-0.2534881830215454,0.00864267349243164,-0.17601266503334045,0.00502622127532959,-0.15466421842575073,-0.044763416051864624,-0.185654878616333,-0.03895953297615051,-0.23369339108467102,-0.026055216789245605,-0.18430203199386597,-0.026583701372146606,-0.1619284749031067,A
0.0,0.0,0.06411108374595642,-0.03724557161331177,0.1195996105670929,-0.09882158041000366,0.1652587354183197,-0.1525890827178955,0.20410016179084778,-0.17265483736991882,0.08122298121452332,-0.20861712098121643,0.08422860503196716,-0.2705177366733551,0.07998034358024597,-0.19771361351013184,0.07597801089286804,-0.1653016209602356,0.03834995627403259,-0.21184730529785156,0.04314085841178894,-0.265327125787735,0.04649263620376587,-0.17808037996292114,0.04367142915725708,-0.15944230556488037,-0.002297013998031616,-0.20389047265052795,0.0024931728839874268,-0.2550751566886902,0.010549664497375488,-0.17788773775100708,0.00785723328590393,-0.15660381317138672,-0.04206109046936035,-0.18844923377037048,-0.03825971484184265,-0.23718449473381042,-0.02439829707145691,-0.18749719858169556,-0.02349752187728882,-0.16430062055587769,A
0.0,0.0,0.06441459059715271,-0.03674811124801636,0.11900696158409119,-0.0963476300239563,0.165370374917984,-0.15064048767089844,0.20550128817558289,-0.17041444778442383,0.08210423588752747,-0.20673120021820068,0.08451458811759949,-0.27001431584358215,0.07926806807518005,-0.19812002778053284,0.07556793093681335,-0.16491785645484924,0.03968706727027893,-0.21009796857833862,0.043072283267974854,-0.2635989189147949,0.04559013247489929,-0.1762467622756958,0.04457652568817139,-0.1575598418712616,-0.0009069442749023438,-0.20285159349441528,0.002824157476425171,-0.2536145746707916,0.00979718565940857,-0.1762838363647461,0.008414477109909058,-0.15534111857414246,-0.04090780019760132,-0.18813151121139526,-0.03773677349090576,-0.23652219772338867,-0.024972647428512573,-0.18573707342147827,-0.023352861404418945,-0.1620478332042694,A
0.0,0.0,0.06495022773742676,-0.03906702995300293,0.1185840368270874,-0.0978081226348877,0.16505569219589233,-0.15210086107254028,0.2054586410522461,-0.17106705904006958,0.08088618516921997,-0.2070068120956421,0.08273029327392578,-0.27045539021492004,0.07795846462249756,-0.19884085655212402,0.07484358549118042,-0.16399869322776794,0.038596928119659424,-0.21079617738723755,0.041774362325668335,-0.2651933431625366,0.04429540038108826,-0.17786049842834473,0.04391798377037048,-0.1569463610649109,-0.0019448697566986084,-0.202783465385437,0.0017226934432983398,-0.2541476786136627,0.008635640144348145,-0.17740309238433838,0.0076826512813568115,-0.15475815534591675,-0.04174426198005676,-0.18663108348846436,-0.03877294063568115,-0.23651570081710815,-0.025621414184570312,-0.18604645133018494,-0.023645609617233276,-0.16163870692253113,A
0.0,0.0,0.0642789900302887,-0.04285299777984619,0.11844968795776367,-0.10516226291656494,0.16568028926849365,-0.1609848439693451,0.20412421226501465,-0.18081822991371155,0.07787999510765076,-0.20846176147460938,0.07731077075004578,-0.27558213472366333,0.07310724258422852,-0.20351505279541016,0.07213234901428223,-0.1678982377052307,0.03649294376373291,-0.21177726984024048,0.0359327495098114,-0.2673770785331726,0.03909909725189209,-0.18171846866607666,0.03968736529350281,-0.16142737865447998,-0.003965407609939575,-0.2038654088973999,-0.0030785799026489258,-0.257164865732193,0.004018545150756836,-0.1812174916267395,0.0035969316959381104,-0.15837672352790833,-0.04384660720825195,-0.18797653913497925,-0.04397672414779663,-0.23736166954040527,-0.03133738040924072,-0.1887231171131134,-0.02800971269607544,-0.16387328505516052,A
0.0,0.0,0.06439971923828125,-0.03639721870422363,0.11739179491996765,-0.10200679302215576,0.16141244769096375,-0.1586001217365265,0.20199045538902283,-0.17692115902900696,0.07560223340988159,-0.21078693866729736,0.07642042636871338,-0.2728310525417328,0.07290419936180115,-0.20093733072280884,0.07108801603317261,-0.16602382063865662,0.03272661566734314,-0.2132088840007782,0.03509718179702759,-0.268597275018692,0.03846338391304016,-0.1800653338432312,0.03792679309844971,-0.1584416925907135,-0.007899731397628784,-0.20473626255989075,-0.005670458078384399,-0.25670355558395386,0.002167731523513794,-0.1795400083065033,0.0011962950229644775,-0.15692588686943054,-0.04754564166069031,-0.18905791640281677,-0.046244531869888306,-0.23956817388534546,-0.03302520513534546,-0.18917745351791382,-0.030334919691085815,-0.16363763809204102,A
0.0,0.0,0.06254515051841736,-0.03634834289550781,0.1150684654712677,-0.10268616676330566,0.1592160165309906,-0.1586287021636963,0.19888421893119812,-0.1785031259059906,0.0743945837020874,-0.2108520269393921,0.07391783595085144,-0.2721751034259796,0.07021686434745789,-0.2011767327785492,0.0689786970615387,-0.16571277379989624,0.031040936708450317,-0.21311983466148376,0.03262734413146973,-0.26882487535476685,0.03602176904678345,-0.18117591738700867,0.03624430298805237,-0.15886783599853516,-0.009803444147109985,-0.2045215368270874,-0.00841173529624939,-0.2572425603866577,-0.0002499222755432129,-0.1808764636516571,-0.000618666410446167,-0.1571355164051056,-0.04910808801651001,-0.18865591287612915,-0.048984378576278687,-0.23953557014465332,-0.03506612777709961,-0.189790278673172,-0.030888408422470093,-0.16312098503112793,A
0.0,0.0,0.0647968053817749,-0.04700207710266113,0.11629784107208252,-0.10785877704620361,0.16273295879364014,-0.1651819944381714,0.20245063304901123,-0.18828138709068298,0.07341325283050537,-0.214003324508667,0.0687941312789917,-0.27756643295288086,0.06558412313461304,-0.20692798495292664,0.06703153252601624,-0.17000344395637512,0.031026631593704224,-0.21739071607589722,0.02916291356086731,-0.2709161639213562,0.033124566078186035,-0.18449696898460388,0.0359821617603302,-0.16114041209220886,-0.009887993335723877,-0.20854872465133667,-0.010533154010772705,-0.26338738203048706,-0.002992987632751465,-0.18549844622612,-0.0014699101448059082,-0.15750277042388916,-0.04942059516906738,-0.19090932607650757,-0.0505753755569458,-0.24095606803894043,-0.03818967938423157,-0.19024237990379333,-0.0336284339427948,-0.1633600890636444,A
0.0,0.0,0.06347724795341492,-0.0390511155128479,0.11361059546470642,-0.10397845506668091,0.15789946913719177,-0.1618720293045044,0.19870325922966003,-0.1834735870361328,0.07287672162055969,-0.21353483200073242,0.06899330019950867,-0.27613121271133423,0.06646636128425598,-0.20570656657218933,0.06685680150985718,-0.16946658492088318,0.028774350881576538,-0.2149055302143097,0.027175217866897583,-0.27197784185409546,0.03226158022880554,-0.183306485414505,0.034325212240219116,-0.15974211692810059,-0.01225462555885315,-0.20533740520477295,-0.013372540473937988,-0.2596017122268677,-0.004027336835861206,-0.1821175217628479,-0.002553105354309082,-0.15669026970863342,-0.05089068412780762,-0.18804332613945007,-0.05515170097351074,-0.24012160301208496,-0.040660083293914795,-0.19095882773399353,-0.03451496362686157,-0.16412028670310974,A
0.0,0.0,0.06251689791679382,-0.04029560089111328,0.11268559098243713,-0.10518020391464233,0.1575985550880432,-0.16250339150428772,0.19807422161102295,-0.18562868237495422,0.0726313591003418,-0.21513602137565613,0.06777900457382202,-0.2769986093044281,0.06566005945205688,-0.20781707763671875,0.06534761190414429,-0.16919976472854614,0.02870956063270569,-0.2162887454032898,0.026007354259490967,-0.27232620120048523,0.03206416964530945,-0.18515494465827942,0.034681886434555054,-0.15960422158241272,-0.012403786182403564,-0.2063138484954834,-0.015328139066696167,-0.26186293363571167,-0.00485152006149292,-0.18434569239616394,-0.002449631690979004,-0.1563921570777893,-0.051353782415390015,-0.18790695071220398,-0.05696457624435425,-0.24020332098007202,-0.04175448417663574,-0.1913224458694458,-0.0345802903175354,-0.1640448272228241,A
0.0,0.0,0.06412917375564575,-0.04709345102310181,0.11508706212043762,-0.11261433362960815,0.16001993417739868,-0.1701047122478485,0.2004324197769165,-0.19258645176887512,0.06861728429794312,-0.2186906337738037,0.06260955333709717,-0.2823919653892517,0.06140974164009094,-0.21050381660461426,0.06356093287467957,-0.17444562911987305,0.025177031755447388,-0.22048935294151306,0.022573113441467285,-0.2747083902359009,0.029206693172454834,-0.18717485666275024,0.03212243318557739,-0.16321662068367004,-0.0158693790435791,-0.21066448092460632,-0.017392128705978394,-0.26850706338882446,-0.007131636142730713,-0.1893753707408905,-0.004712551832199097,-0.16023683547973633,-0.05520278215408325,-0.1925353705883026,-0.0571114718914032,-0.24506112933158875,-0.042688727378845215,-0.19356170296669006,-0.03654903173446655,-0.16376906633377075,A
0.0,0.0,0.06342020630836487,-0.04744833707809448,0.11233124136924744,-0.11159086227416992,0.15632584691047668,-0.16937360167503357,0.19590607285499573,-0.19317787885665894,0.06848445534706116,-0.2219502329826355,0.06243312358856201,-0.285347044467926,0.06287139654159546,-0.21616172790527344,0.06419244408607483,-0.18068602681159973,0.023640990257263184,-0.2221880853176117,0.02005663514137268,-0.2799493074417114,0.028123795986175537,-0.19067299365997314,0.030675619840621948,-0.16763585805892944,-0.017866849899291992,-0.21035298705101013,-0.019521623849868774,-0.26551154255867004,-0.007487624883651733,-0.18760636448860168,-0.0058164894580841064,-0.16158556938171387,-0.056988149881362915,-0.18935281038284302,-0.06378915905952454,-0.24411830306053162,-0.04567277431488037,-0.19705185294151306,-0.03709900379180908,-0.1695437729358673,A
0.0,0.0,0.06436929106712341,-0.05007737874984741,0.11370384693145752,-0.11251544952392578,0.1596674621105194,-0.17494481801986694,0.19960558414459229,-0.2015659213066101,0.068267822265625,-0.2259531021118164,0.056112080812454224,-0.29106274247169495,0.05623948574066162,-0.2180519700050354,0.06237512826919556,-0.1834203004837036,0.0238783061504364,-0.22396275401115417,0.015979856252670288,-0.2800796329975128,0.023473381996154785,-0.18923255801200867,0.030496269464492798,-0.17083042860031128,-0.017702072858810425,-0.21234461665153503,-0.023658543825149536,-0.2700182795524597,-0.0129777193069458,-0.1890135407447815,-0.007228881120681763,-0.16335606575012207,-0.05674850940704346,-0.1912912130355835,-0.06544739007949829,-0.24286037683486938,-0.04978930950164795,-0.1909378170967102,-0.04068899154663086,-0.1624954342842102,A
0.0,0.0,0.06317701935768127,-0.042044758796691895,0.1130678653717041,-0.10888540744781494,0.15826651453971863,-0.16969984769821167,0.20019418001174927,-0.19577714800834656,0.07016783952713013,-0.22366303205490112,0.058354198932647705,-0.2828676998615265,0.05896449089050293,-0.21132686734199524,0.06424248218536377,-0.17570632696151733,0.02377644181251526,-0.22174859046936035,0.01549685001373291,-0.27917736768722534,0.023955613374710083,-0.18757933378219604,0.030178368091583252,-0.16624897718429565,-0.01812833547592163,-0.20980620384216309,-0.025594979524612427,-0.26322558522224426,-0.013718754053115845,-0.1850019097328186,-0.008169353008270264,-0.1625104546546936,-0.056665897369384766,-0.19025999307632446,-0.06736981868743896,-0.240110844373703,-0.05181974172592163,-0.19049063324928284,-0.04261353611946106,-0.16473150253295898,A
0.0,0.0,0.06405159831047058,-0.04088389873504639,0.11370259523391724,-0.10988318920135498,0.15788108110427856,-0.17007231712341309,0.1994493305683136,-0.1965714395046234,0.07020029425621033,-0.2234976887702942,0.057039499282836914,-0.2835405766963959,0.05709722638130188,-0.21293705701828003,0.06298720836639404,-0.17502158880233765,0.02366510033607483,-0.22063156962394714,0.014385581016540527,-0.2777671813964844,0.022269785404205322,-0.18720519542694092,0.029564082622528076,-0.16278892755508423,-0.018696695566177368,-0.20840829610824585,-0.027545928955078125,-0.2628556787967682,-0.015553414821624756,-0.18405792117118835,-0.008288085460662842,-0.15847152471542358,-0.05788525938987732,-0.18903517723083496,-0.06841319799423218,-0.23913607001304626,-0.053238123655319214,-0.18764600157737732,-0.043325185775756836,-0.16020089387893677,A
0.0,0.0,0.06253957748413086,-0.04685938358306885,0.11203458905220032,-0.11251199245452881,0.15833497047424316,-0.17552244663238525,0.20068201422691345,-0.20285359025001526,0.07043316960334778,-0.22894683480262756,0.055529385805130005,-0.288082480430603,0.057862281799316406,-0.21606892347335815,0.06463617086410522,-0.1824238896369934,0.022729426622390747,-0.22395578026771545,0.013275176286697388,-0.2813561260700226,0.023678362369537354,-0.1881028413772583,0.030488163232803345,-0.17104315757751465,-0.019687891006469727,-0.21037039160728455,-0.027802079916000366,-0.26799753308296204,-0.014087378978729248,-0.18815511465072632,-0.007879793643951416,-0.16622483730316162,-0.05897513031959534,-0.189461350440979,-0.0694679319858551,-0.23900705575942993,-0.05245622992515564,-0.1896100640296936,-0.04288175702095032,-0.16540664434432983,A
0.0,0.0,0.06256330013275146,-0.044387221336364746,0.1120215356349945,-0.11256992816925049,0.15799930691719055,-0.17410564422607422,0.19954988360404968,-0.20260176062583923,0.07381421327590942,-0.22934821248054504,0.05658039450645447,-0.2889094352722168,0.05764862895011902,-0.21789270639419556,0.0639047622680664,-0.18114829063415527,0.026454240083694458,-0.2257886528968811,0.014360040426254272,-0.28155213594436646,0.02390924096107483,-0.19131475687026978,0.03166285157203674,-0.16878658533096313,-0.016946017742156982,-0.21299627423286438,-0.02777978777885437,-0.26829734444618225,-0.014234453439712524,-0.18914207816123962,-0.005881667137145996,-0.16368943452835083,-0.05688163638114929,-0.1924009919166565,-0.06837424635887146,-0.24103885889053345,-0.051777392625808716,-0.190436452627182,-0.04074844717979431,-0.16523420810699463,A
0.0,0.0,0.06295299530029297,-0.04333537817001343,0.1129140853881836,-0.11288273334503174,0.15855243802070618,-0.1748015284538269,0.20056968927383423,-0.2021542489528656,0.0735788643360138,-0.22938066720962524,0.057062625885009766,-0.28965768218040466,0.05861884355545044,-0.21770325303077698,0.06404080986976624,-0.18079054355621338,0.026195019483566284,-0.22624841332435608,0.014698207378387451,-0.28281110525131226,0.02465057373046875,-0.19223430752754211,0.03094857931137085,-0.16921544075012207,-0.017123699188232422,-0.21353012323379517,-0.027023404836654663,-0.269870400428772,-0.013361603021621704,-0.18995073437690735,-0.006641864776611328,-0.16346615552902222,-0.05698132514953613,-0.19323009252548218,-0.06741976737976074,-0.24334010481834412,-0.05112352967262268,-0.19218212366104126,-0.04158061742782593,-0.16593241691589355,A
0.0,0.0,0.06306824088096619,-0.0431402325630188,0.11291804909706116,-0.11584007740020752,0.15855935215950012,-0.1806020736694336,0.2022191286087036,-0.20704716444015503,0.07043462991714478,-0.23223894834518433,0.055736660957336426,-0.2924243211746216,0.05652087926864624,-0.22078567743301392,0.061819255352020264,-0.18618446588516235,0.023368507623672485,-0.2289004921913147,0.012722223997116089,-0.28510743379592896,0.022577732801437378,-0.19445353746414185,0.028885334730148315,-0.17601168155670166,-0.020086944103240967,-0.21629267930984497,-0.03045371174812317,-0.2740705907344818,-0.016400158405303955,-0.19485348463058472,-0.010290861129760742,-0.17236542701721191,-0.061148107051849365,-0.19694632291793823,-0.0709276795387268,-0.2470816969871521,-0.05414998531341553,-0.19587993621826172,-0.04546692967414856,-0.171467125415802,A
0.0,0.0,0.06337016820907593,-0.045479774475097656,0.11219334602355957,-0.11845332384109497,0.1577766239643097,-0.18224072456359863,0.20068737864494324,-0.20951297879219055,0.07063251733779907,-0.2352338433265686,0.05504220724105835,-0.2978365421295166,0.057827115058898926,-0.22521907091140747,0.06329736113548279,-0.18880850076675415,0.023255228996276855,-0.23155459761619568,0.01238924264907837,-0.28848031163215637,0.023756831884384155,-0.1960906982421875,0.03031080961227417,-0.17740362882614136,-0.02021944522857666,-0.21878796815872192,-0.03023877739906311,-0.2768149971961975,-0.014877498149871826,-0.195345938205719,-0.007465869188308716,-0.17225372791290283,-0.06100010871887207,-0.19862043857574463,-0.07304474711418152,-0.2482782006263733,-0.05441296100616455,-0.1973036527633667,-0.04297161102294922,-0.17350822687149048,A
0.0,0.0,0.06235376000404358,-0.046712279319763184,0.11093154549598694,-0.11938238143920898,0.15715891122817993,-0.18346750736236572,0.20124542713165283,-0.20994096994400024,0.06870099902153015,-0.23387402296066284,0.054994016885757446,-0.2981111407279968,0.056143105030059814,-0.22382688522338867,0.06213337182998657,-0.18781179189682007,0.023141860961914062,-0.2298997938632965,0.013609707355499268,-0.28494712710380554,0.02363571524620056,-0.1920110583305359,0.031363338232040405,-0.17744159698486328,-0.01985478401184082,-0.217694491147995,-0.028145432472229004,-0.2774631679058075,-0.014576166868209839,-0.19435542821884155,-0.0077027976512908936,-0.17302125692367554,-0.06111639738082886,-0.19785338640213013,-0.07148957252502441,-0.24825519323349,-0.05378440022468567,-0.1966724991798401,-0.04423978924751282,-0.17181843519210815,A
0.0,0.0,0.06216847896575928,-0.04567849636077881,0.1116260290145874,-0.11907041072845459,0.1576765477657318,-0.18357276916503906,0.20099323987960815,-0.2106330692768097,0.071499764919281,-0.237437903881073,0.057461559772491455,-0.29932066798210144,0.05870002508163452,-0.22649508714675903,0.06279605627059937,-0.19073855876922607,0.024054646492004395,-0.23439738154411316,0.014448881149291992,-0.2897900342941284,0.02536112070083618,-0.19724249839782715,0.031205564737319946,-0.17912524938583374,-0.01964592933654785,-0.22161221504211426,-0.02905598282814026,-0.2785487771034241,-0.013828486204147339,-0.19681555032730103,-0.0073073506355285645,-0.17478251457214355,-0.06074756383895874,-0.20112913846969604,-0.07108250260353088,-0.2500177323818207,-0.053171396255493164,-0.19874942302703857,-0.042948782444000244,-0.1764085292816162,A
0.0,0.0,0.06233370304107666,-0.04584592580795288,0.11223262548446655,-0.1177932620048523,0.15876421332359314,-0.18121486902236938,0.20249497890472412,-0.20818442106246948,0.07098671793937683,-0.23515909910202026,0.056668490171432495,-0.2959613502025604,0.0576837956905365,-0.22454938292503357,0.06249406933784485,-0.1893446445465088,0.0236128568649292,-0.23258057236671448,0.014234662055969238,-0.28750529885292053,0.024571925401687622,-0.19583338499069214,0.031076431274414062,-0.178397536277771,-0.02019980549812317,-0.22019559144973755,-0.02916252613067627,-0.27818119525909424,-0.014623433351516724,-0.19634872674942017,-0.00777164101600647,-0.17287415266036987,-0.061482518911361694,-0.20031577348709106,-0.07275989651679993,-0.24959483742713928,-0.05471894145011902,-0.19918125867843628,-0.04380619525909424,-0.1755613088607788,A
0.0,0.0,0.061488717794418335,-0.04595750570297241,0.11172807216644287,-0.119346022605896,0.1580747663974762,-0.18307089805603027,0.2015288770198822,-0.20949482917785645,0.07033288478851318,-0.23660725355148315,0.057029664516448975,-0.29913249611854553,0.058511048555374146,-0.22513142228126526,0.06318157911300659,-0.19073760509490967,0.023898690938949585,-0.23359838128089905,0.014463216066360474,-0.2888604700565338,0.025436043739318848,-0.19685697555541992,0.03181815147399902,-0.18219172954559326,-0.019572198390960693,-0.22156524658203125,-0.027741700410842896,-0.279500275850296,-0.013680756092071533,-0.1984049677848816,-0.007874995470046997,-0.17851907014846802,-0.06104457378387451,-0.20289874076843262,-0.07131776213645935,-0.2530463635921478,-0.05423784255981445,-0.20354968309402466,-0.04502108693122864,-0.18103468418121338,A
0.0,0.0,0.06231972575187683,-0.04627114534378052,0.11343851685523987,-0.11880224943161011,0.15994760394096375,-0.18212991952896118,0.20356836915016174,-0.20789110660552979,0.07095971703529358,-0.2352633774280548,0.05854812264442444,-0.29831331968307495,0.05976077914237976,-0.22343206405639648,0.06408122181892395,-0.18860125541687012,0.025080561637878418,-0.23242536187171936,0.016517043113708496,-0.28793027997016907,0.026610463857650757,-0.1961858868598938,0.032343000173568726,-0.18105214834213257,-0.018109112977981567,-0.2204992175102234,-0.025326639413833618,-0.2785612642765045,-0.012114793062210083,-0.19671601057052612,-0.006966352462768555,-0.17634844779968262,-0.05932784080505371,-0.20119905471801758,-0.06915879249572754,-0.2520502507686615,-0.05220767855644226,-0.2014036774635315,-0.0432949960231781,-0.17757302522659302,A
0.0,0.0,0.0667087733745575,-0.05250418186187744,0.11910110712051392,-0.1196712851524353,0.16723686456680298,-0.18471050262451172,0.2112370729446411,-0.20803791284561157,0.07507500052452087,-0.23646393418312073,0.06568074226379395,-0.3024888038635254,0.06500464677810669,-0.22536379098892212,0.07022878527641296,-0.1917145848274231,0.02870592474937439,-0.2353764772415161,0.023125052452087402,-0.2910444140434265,0.030371010303497314,-0.19739246368408203,0.03773418068885803,-0.18332046270370483,-0.014688104391098022,-0.22372949123382568,-0.019122004508972168,-0.28207677602767944,-0.007892996072769165,-0.2008158564567566,-0.0011215806007385254,-0.18108350038528442,-0.055173128843307495,-0.20211303234100342,-0.06547415256500244,-0.25538522005081177,-0.04742056131362915,-0.2075212001800537,-0.03718605637550354,-0.18350332975387573,A
0.0,0.0,0.06344658136367798,-0.048106610774993896,0.11668559908866882,-0.11975306272506714,0.16404709219932556,-0.18224871158599854,0.20801767706871033,-0.20764249563217163,0.07522520422935486,-0.23801445960998535,0.06455031037330627,-0.3015096187591553,0.06423494219779968,-0.22360339760780334,0.06794619560241699,-0.1909722089767456,0.028441131114959717,-0.23605430126190186,0.02130112051963806,-0.29158252477645874,0.0302983820438385,-0.19767040014266968,0.03553125262260437,-0.18244749307632446,-0.015993595123291016,-0.22481846809387207,-0.02197703719139099,-0.28410041332244873,-0.00932571291923523,-0.19936645030975342,-0.003852248191833496,-0.1781367063522339,-0.05871456861495972,-0.20592975616455078,-0.06632667779922485,-0.2570476830005646,-0.049471259117126465,-0.20407462120056152,-0.04104575514793396,-0.1794201135635376,A
0.0,0.0,0.06455075740814209,-0.045641422271728516,0.1179664134979248,-0.11751580238342285,0.16519951820373535,-0.18095016479492188,0.2094937562942505,-0.2058502435684204,0.0768744945526123,-0.2361992597579956,0.06634160876274109,-0.29999008774757385,0.06621295213699341,-0.2212916612625122,0.06914585828781128,-0.1885213851928711,0.02928188443183899,-0.23406115174293518,0.022571057081222534,-0.2903551757335663,0.031787365674972534,-0.19584447145462036,0.03583189845085144,-0.18072247505187988,-0.01568371057510376,-0.22264999151229858,-0.02098676562309265,-0.28133919835090637,-0.007977932691574097,-0.1961342692375183,-0.00333559513092041,-0.17568016052246094,-0.058796584606170654,-0.20369672775268555,-0.0657024085521698,-0.25383442640304565,-0.04864880442619324,-0.20020771026611328,-0.040734171867370605,-0.17644089460372925,A
0.0,0.0,0.06738138198852539,-0.046977996826171875,0.12224006652832031,-0.11647433042526245,0.17110031843185425,-0.17935383319854736,0.2155514359474182,-0.20395171642303467,0.07979258894920349,-0.2332879900932312,0.07259297370910645,-0.298517644405365,0.07138258218765259,-0.22110304236412048,0.07397183775901794,-0.18880528211593628,0.03288307785987854,-0.23230552673339844,0.029443085193634033,-0.28627336025238037,0.035748034715652466,-0.1939583420753479,0.039449602365493774,-0.1820991039276123,-0.011507183313369751,-0.22067132592201233,-0.013026177883148193,-0.2772504985332489,-0.0028101205825805664,-0.1952962875366211,0.0005266070365905762,-0.17872756719589233,-0.054196834564208984,-0.20083928108215332,-0.05787014961242676,-0.2491450011730194,-0.041943758726119995,-0.19829940795898438,-0.03676283359527588,-0.17733758687973022,A
0.0,0.0,0.0654437243938446,-0.04316902160644531,0.12020322680473328,-0.11343413591384888,0.1685360074043274,-0.1743951439857483,0.21216470003128052,-0.1970754861831665,0.07883754372596741,-0.2332904040813446,0.07291394472122192,-0.2951715886592865,0.07155543565750122,-0.21728134155273438,0.07167139649391174,-0.18464314937591553,0.031166642904281616,-0.23315054178237915,0.028539597988128662,-0.28580525517463684,0.036520034074783325,-0.19294482469558716,0.03822702169418335,-0.17835432291030884,-0.013896584510803223,-0.22182637453079224,-0.015926241874694824,-0.27596819400787354,-0.0032536685466766357,-0.1934967041015625,-0.0007704198360443115,-0.1753467321395874,-0.05715733766555786,-0.20236554741859436,-0.06067514419555664,-0.24997162818908691,-0.04351511597633362,-0.19909191131591797,-0.03743070363998413,-0.17847776412963867,A
0.0,0.0,0.06641840934753418,-0.039215147495269775,0.12140953540802002,-0.1064947247505188,0.16883057355880737,-0.16587930917739868,0.21274518966674805,-0.18813470005989075,0.0809401273727417,-0.22322839498519897,0.0751807689666748,-0.28720802068710327,0.07224392890930176,-0.21332523226737976,0.07463496923446655,-0.18249696493148804,0.036087989807128906,-0.2234565019607544,0.033760666847229004,-0.2788282334804535,0.03714209794998169,-0.18785855174064636,0.04033657908439636,-0.17799490690231323,-0.006551802158355713,-0.21491709351539612,-0.008237212896347046,-0.26898473501205444,-0.00023987889289855957,-0.18999245762825012,0.0029765069484710693,-0.17773652076721191,-0.048243820667266846,-0.2003110945224762,-0.05243760347366333,-0.24530446529388428,-0.03855907917022705,-0.19449234008789062,-0.03283959627151489,-0.17533260583877563,A
0.0,0.0,0.06500744819641113,-0.03889632225036621,0.12032759189605713,-0.10655874013900757,0.1682192087173462,-0.1648259162902832,0.21118342876434326,-0.18571671843528748,0.08092081546783447,-0.22204375267028809,0.07426875829696655,-0.2842693030834198,0.07185709476470947,-0.21102109551429749,0.07300254702568054,-0.17665767669677734,0.03627553582191467,-0.22414228320121765,0.033047497272491455,-0.27855974435806274,0.038274794816970825,-0.18876728415489197,0.0411812961101532,-0.17117339372634888,-0.006428956985473633,-0.215621680021286,-0.010448426008224487,-0.2695518732070923,-0.0010638833045959473,-0.19022738933563232,0.0019987821578979492,-0.1698703169822693,-0.047640204429626465,-0.20008257031440735,-0.05348557233810425,-0.24756860733032227,-0.039445310831069946,-0.19674083590507507,-0.032900482416152954,-0.17401725053787231,A
0.0,0.0,0.06501412391662598,-0.03839832544326782,0.1199256181716919,-0.1062355637550354,0.16794121265411377,-0.16369271278381348,0.21097004413604736,-0.18398642539978027,0.08171138167381287,-0.21979808807373047,0.07546418905258179,-0.28325343132019043,0.07252493500709534,-0.21031779050827026,0.07368627190589905,-0.17711520195007324,0.03775188326835632,-0.22165513038635254,0.03459453582763672,-0.2766156792640686,0.039506882429122925,-0.18695896863937378,0.042158931493759155,-0.17079293727874756,-0.004542291164398193,-0.21370691061019897,-0.00811535120010376,-0.26851221919059753,0.0007048845291137695,-0.18843016028404236,0.0032891035079956055,-0.16908854246139526,-0.0459161102771759,-0.19964659214019775,-0.05082029104232788,-0.24731683731079102,-0.03749656677246094,-0.19519966840744019,-0.03201347589492798,-0.17240965366363525,A
0.0,0.0,0.06503283977508545,-0.040504515171051025,0.12047821283340454,-0.1072346568107605,0.16889578104019165,-0.16489648818969727,0.21147125959396362,-0.18521660566329956,0.08141398429870605,-0.222295343875885,0.0766591727733612,-0.28348061442375183,0.07344183325767517,-0.20900651812553406,0.07364121079444885,-0.17712664604187012,0.03712058067321777,-0.22489359974861145,0.035470545291900635,-0.277368426322937,0.03997042775154114,-0.18744996190071106,0.04162752628326416,-0.1720694899559021,-0.005366474390029907,-0.21677732467651367,-0.007445663213729858,-0.26935961842536926,0.0012108981609344482,-0.1896122395992279,0.0032254457473754883,-0.17100846767425537,-0.046597033739089966,-0.2014048993587494,-0.05034053325653076,-0.24807208776474,-0.03664770722389221,-0.19646021723747253,-0.03134727478027344,-0.1740308403968811,A
0.0,0.0,0.06622248888015747,-0.040014445781707764,0.12225598096847534,-0.10792809724807739,0.17083191871643066,-0.1651611328125,0.2131485939025879,-0.18402624130249023,0.07966756820678711,-0.21625202894210815,0.08041280508041382,-0.28239905834198,0.07697394490242004,-0.20791280269622803,0.07570934295654297,-0.17569756507873535,0.036720842123031616,-0.21921312808990479,0.03948614001274109,-0.27594080567359924,0.04149630665779114,-0.1862126588821411,0.039617300033569336,-0.17247095704078674,-0.004794776439666748,-0.2118237018585205,-0.0019535422325134277,-0.2678666114807129,0.0054006874561309814,-0.18782266974449158,0.003225088119506836,-0.17119097709655762,-0.04623404145240784,-0.19682949781417847,-0.046982526779174805,-0.24589747190475464,-0.032105207443237305,-0.19542363286018372,-0.029049396514892578,-0.17361390590667725,A
0.0,0.0,0.06543546915054321,-0.0376662015914917,0.12111937999725342,-0.10482931137084961,0.16765528917312622,-0.16142237186431885,0.20851945877075195,-0.1822889745235443,0.08033853769302368,-0.21778392791748047,0.0772390365600586,-0.2801584303379059,0.07335042953491211,-0.20592501759529114,0.07264488935470581,-0.1725478172302246,0.0371929407119751,-0.2213897705078125,0.03709706664085388,-0.27757489681243896,0.04043540358543396,-0.18786504864692688,0.040580421686172485,-0.16835445165634155,-0.004372358322143555,-0.21420639753341675,-0.004677712917327881,-0.271025151014328,0.0023193955421447754,-0.19022595882415771,0.0015952587127685547,-0.1670798659324646,-0.04536232352256775,-0.19969382882118225,-0.046916067600250244,-0.24987339973449707,-0.035112470388412476,-0.1973252296447754,-0.032549142837524414,-0.17203372716903687,A
0.0,0.0,0.06501322984695435,-0.03674548864364624,0.12164366245269775,-0.1037868857383728,0.16932082176208496,-0.16178864240646362,0.2109001874923706,-0.1831224262714386,0.08237224817276001,-0.21810975670814514,0.07915771007537842,-0.2828591763973236,0.07567870616912842,-0.2070700228214264,0.07557797431945801,-0.17455562949180603,0.038662463426589966,-0.22081077098846436,0.03891751170158386,-0.2776583433151245,0.04259085655212402,-0.18686804175376892,0.04297509789466858,-0.17119860649108887,-0.0037550628185272217,-0.21383798122406006,-0.0024625658988952637,-0.2714354693889618,0.004834890365600586,-0.1899561583995819,0.004371315240859985,-0.17001312971115112,-0.04586535692214966,-0.20037847757339478,-0.045023322105407715,-0.25018277764320374,-0.03306904435157776,-0.1973344385623932,-0.03088432550430298,-0.17393112182617188,A
0.0,0.0,0.06938230991363525,-0.03610795736312866,0.12777435779571533,-0.10364985466003418,0.17562639713287354,-0.16055148839950562,0.21804553270339966,-0.17764291167259216,0.0843096375465393,-0.21280980110168457,0.09036433696746826,-0.28079932928085327,0.08627939224243164,-0.20652958750724792,0.08241492509841919,-0.17142653465270996,0.040661364793777466,-0.21699818968772888,0.049065232276916504,-0.276647686958313,0.04903894662857056,-0.18567433953285217,0.04425621032714844,-0.16937971115112305,-0.0016436576843261719,-0.2108045220375061,0.0071832239627838135,-0.26780131459236145,0.012510240077972412,-0.18664905428886414,0.00724560022354126,-0.16899627447128296,-0.04467463493347168,-0.19700896739959717,-0.038043707609176636,-0.24753805994987488,-0.02497798204421997,-0.19502609968185425,-0.025027304887771606,-0.17259031534194946,A
0.0,0.0,0.06809979677200317,-0.03430283069610596,0.12645435333251953,-0.10155689716339111,0.1744047999382019,-0.15603798627853394,0.21551185846328735,-0.1746663749217987,0.0835692286491394,-0.21540933847427368,0.08821570873260498,-0.28037139773368835,0.08361732959747314,-0.20487985014915466,0.07940483093261719,-0.17010492086410522,0.04051917791366577,-0.21954524517059326,0.04759836196899414,-0.27686628699302673,0.0493127703666687,-0.18536409735679626,0.04457271099090576,-0.16504865884780884,-0.0022941231727600098,-0.21270665526390076,0.004347622394561768,-0.27106648683547974,0.010702580213546753,-0.18862444162368774,0.0053272247314453125,-0.1665273904800415,-0.04572102427482605,-0.19857043027877808,-0.037913888692855835,-0.24857592582702637,-0.02564111351966858,-0.19527608156204224,-0.027389734983444214,-0.17152389883995056,A
0.0,0.0,0.06792423129081726,-0.03579878807067871,0.12657687067985535,-0.10311287641525269,0.1758301556110382,-0.15472769737243652,0.21674767136573792,-0.17383316159248352,0.08578667044639587,-0.21592074632644653,0.0927061140537262,-0.27974382042884827,0.08630064129829407,-0.20447933673858643,0.08093824982643127,-0.17156139016151428,0.04276350140571594,-0.22117874026298523,0.053374916315078735,-0.27600905299186707,0.05167147517204285,-0.18575209379196167,0.04506304860115051,-0.16841107606887817,-0.0003763437271118164,-0.21428626775741577,0.011025160551071167,-0.26867830753326416,0.0145549476146698,-0.1887418031692505,0.00693783164024353,-0.1702372431755066,-0.04391553997993469,-0.20061728358268738,-0.031540125608444214,-0.2484501302242279,-0.02119573950767517,-0.1971764862537384,-0.025761783123016357,-0.17656931281089783,A
0.0,0.0,0.06770014762878418,-0.0328369140625,0.1259458065032959,-0.09772169589996338,0.17433702945709229,-0.15143173933029175,0.21663689613342285,-0.17074072360992432,0.0850292444229126,-0.2126752734184265,0.09314417839050293,-0.2784534692764282,0.0879061222076416,-0.20376524329185486,0.08167266845703125,-0.1675429344177246,0.04236471652984619,-0.21856757998466492,0.051133930683135986,-0.27614790201187134,0.05201512575149536,-0.18468156456947327,0.04655933380126953,-0.16256621479988098,-0.0002860426902770996,-0.21263635158538818,0.008484631776809692,-0.26825568079948425,0.01404869556427002,-0.18542379140853882,0.008197367191314697,-0.1626770794391632,-0.04372459650039673,-0.1987021267414093,-0.033989280462265015,-0.24916750192642212,-0.022451847791671753,-0.19549500942230225,-0.024633139371871948,-0.17108047008514404,A
0.0,0.0,0.06802591681480408,-0.03180462121963501,0.1266031563282013,-0.09499883651733398,0.17455258965492249,-0.14920711517333984,0.2166813313961029,-0.16800853610038757,0.08477434515953064,-0.21016600728034973,0.0939156711101532,-0.27573826909065247,0.08900079131126404,-0.2017616629600525,0.08218088746070862,-0.166101336479187,0.04207262396812439,-0.21578922867774963,0.051362961530685425,-0.2735360860824585,0.05294063687324524,-0.1820976734161377,0.047103434801101685,-0.1601778268814087,-0.0002823173999786377,-0.20997077226638794,0.008914262056350708,-0.26554861664772034,0.014921635389328003,-0.18291768431663513,0.008565515279769897,-0.15983307361602783,-0.043534934520721436,-0.1963287591934204,-0.03332722187042236,-0.24692374467849731,-0.021395355463027954,-0.19349405169487,-0.02393057942390442,-0.16874369978904724,A
0.0,0.0,0.06906986236572266,-0.039016664028167725,0.1264815330505371,-0.09909647703170776,0.1750585436820984,-0.15310460329055786,0.2149791717529297,-0.1714978814125061,0.08684319257736206,-0.21067920327186584,0.09327495098114014,-0.27600550651550293,0.08744925260543823,-0.2013525664806366,0.08347225189208984,-0.16908332705497742,0.04409173130989075,-0.21718287467956543,0.05139210820198059,-0.27222582697868347,0.05144059658050537,-0.18184635043144226,0.047725021839141846,-0.1650252640247345,0.0018401741981506348,-0.211347758769989,0.010206162929534912,-0.2646881639957428,0.014494180679321289,-0.18431919813156128,0.01022765040397644,-0.16466373205184937,-0.040557652711868286,-0.19714799523353577,-0.0326102077960968,-0.24537354707717896,-0.02168869972229004,-0.19340413808822632,-0.02324998378753662,-0.17095226049423218,A
0.0,0.0,0.0674990713596344,-0.03374546766281128,0.126773864030838,-0.09807699918746948,0.1754293143749237,-0.15302395820617676,0.21711131930351257,-0.171807199716568,0.08775189518928528,-0.21253842115402222,0.09298929572105408,-0.27757710218429565,0.08723685145378113,-0.2018318474292755,0.08326920866966248,-0.16921016573905945,0.043950796127319336,-0.21825674176216125,0.050412923097610474,-0.2754989564418793,0.051318973302841187,-0.18399810791015625,0.04865694046020508,-0.16566312313079834,0.00163230299949646,-0.21261608600616455,0.00830569863319397,-0.2667614221572876,0.014139831066131592,-0.18556559085845947,0.011366695165634155,-0.16459715366363525,-0.04029849171638489,-0.19978651404380798,-0.032899051904678345,-0.2491115927696228,-0.021169662475585938,-0.19533661007881165,-0.021608203649520874,-0.1708918809890747,A
0.0,0.0,0.06782007217407227,-0.03325247764587402,0.12530368566513062,-0.09841692447662354,0.173251211643219,-0.1532585620880127,0.2157394289970398,-0.1710706651210785,0.08507752418518066,-0.21213838458061218,0.09120208024978638,-0.27695438265800476,0.08518493175506592,-0.20277738571166992,0.08038550615310669,-0.16910052299499512,0.04137769341468811,-0.21732357144355774,0.048363327980041504,-0.2747783362865448,0.04884904623031616,-0.18344736099243164,0.045569390058517456,-0.16372567415237427,-0.0009289085865020752,-0.21140703558921814,0.006072968244552612,-0.2649877965450287,0.011539608240127563,-0.18436193466186523,0.007846474647521973,-0.16297698020935059,-0.04294198751449585,-0.19841349124908447,-0.03543877601623535,-0.24804338812828064,-0.023842990398406982,-0.19493961334228516,-0.024276822805404663,-0.17037063837051392,A
0.0,0.0,0.06709456443786621,-0.037689924240112305,0.12258097529411316,-0.10040253400802612,0.17145946621894836,-0.15487277507781982,0.21315231919288635,-0.17449811100959778,0.0844968855381012,-0.21243461966514587,0.08443155884742737,-0.2754191756248474,0.07923036813735962,-0.20281219482421875,0.0783737301826477,-0.16859537363052368,0.041236549615859985,-0.2179774045944214,0.04380732774734497,-0.2729398012161255,0.045230090618133545,-0.1833382248878479,0.045179933309555054,-0.16405996680259705,-0.00102272629737854,-0.21176183223724365,0.002182871103286743,-0.26407015323638916,0.0080222487449646,-0.1833195686340332,0.007426708936691284,-0.16130977869033813,-0.04260560870170593,-0.19760507345199585,-0.03904348611831665,-0.24669834971427917,-0.027931928634643555,-0.19206339120864868,-0.02614399790763855,-0.16574722528457642,A
0.0,0.0,0.06671059131622314,-0.038799822330474854,0.11955386400222778,-0.09938335418701172,0.1680648922920227,-0.15637928247451782,0.21102690696716309,-0.17542797327041626,0.08140617609024048,-0.2135983407497406,0.08239030838012695,-0.27765369415283203,0.07907837629318237,-0.20530399680137634,0.07751810550689697,-0.1709628701210022,0.03765276074409485,-0.2181350588798523,0.04081562161445618,-0.2733723521232605,0.04380127787590027,-0.18150818347930908,0.043809980154037476,-0.16331368684768677,-0.0040825605392456055,-0.21052366495132446,-7.659196853637695e-06,-0.2634904682636261,0.007501810789108276,-0.18242767453193665,0.007205307483673096,-0.16160106658935547,-0.04485738277435303,-0.19408413767814636,-0.04315653443336487,-0.24550509452819824,-0.029071420431137085,-0.19261044263839722,-0.0255621075630188,-0.1673133373260498,A
0.0,0.0,0.0652356743812561,-0.03654515743255615,0.11950477957725525,-0.09930586814880371,0.1671546995639801,-0.1559220552444458,0.20985093712806702,-0.17659178376197815,0.08381670713424683,-0.21526077389717102,0.0811765193939209,-0.2763524055480957,0.07774949073791504,-0.20306116342544556,0.07648453116416931,-0.16961491107940674,0.040125131607055664,-0.21903803944587708,0.039806246757507324,-0.27208656072616577,0.04385793209075928,-0.18278324604034424,0.04505413770675659,-0.1650693714618683,-0.001914292573928833,-0.21172305941581726,-0.0013780295848846436,-0.2628811001777649,0.006555110216140747,-0.1833564043045044,0.007937222719192505,-0.16334447264671326,-0.042730242013931274,-0.19650030136108398,-0.043406933546066284,-0.2438579797744751,-0.030721396207809448,-0.19184988737106323,-0.026717394590377808,-0.16895189881324768,A
0.0,0.0,0.06520417332649231,-0.03305917978286743,0.12079572677612305,-0.09667015075683594,0.1693384051322937,-0.15445715188980103,0.21221619844436646,-0.17592376470565796,0.0853697657585144,-0.21429237723350525,0.0831175446510315,-0.27620938420295715,0.07834044098854065,-0.20098432898521423,0.07778763771057129,-0.16829359531402588,0.04021140933036804,-0.21814754605293274,0.04069700837135315,-0.27261313796043396,0.043113768100738525,-0.18033075332641602,0.044060707092285156,-0.16362714767456055,-0.0024551451206207275,-0.2110607624053955,-0.0015521645545959473,-0.2618091404438019,0.005561023950576782,-0.18175241351127625,0.006628304719924927,-0.1632574200630188,-0.04340791702270508,-0.19689002633094788,-0.042670100927352905,-0.24306979775428772,-0.030388236045837402,-0.18907031416893005,-0.02673754096031189,-0.16580048203468323,A
0.0,0.0,0.06583133339881897,-0.03388798236846924,0.12054476141929626,-0.09682023525238037,0.16883376240730286,-0.15515786409378052,0.2121400535106659,-0.1763685941696167,0.0835619568824768,-0.21429187059402466,0.079851895570755,-0.27532148361206055,0.0761696994304657,-0.20194655656814575,0.07712417840957642,-0.17011892795562744,0.03759738802909851,-0.21621236205101013,0.037492841482162476,-0.27150529623031616,0.04045915603637695,-0.178455650806427,0.04203417897224426,-0.16476643085479736,-0.005138665437698364,-0.20843073725700378,-0.004694819450378418,-0.261037677526474,0.0025710463523864746,-0.18207496404647827,0.0034947097301483154,-0.1660788655281067,-0.046224623918533325,-0.19404840469360352,-0.04654502868652344,-0.23974081873893738,-0.03427639603614807,-0.18838948011398315,-0.030908167362213135,-0.1675449013710022,A
0.0,0.0,0.06499993801116943,-0.037241578102111816,0.11976367235183716,-0.09931820631027222,0.16938066482543945,-0.1572960615158081,0.21322286128997803,-0.1787826120853424,0.08179682493209839,-0.2169131338596344,0.07627776265144348,-0.2775670289993286,0.07383960485458374,-0.20634791254997253,0.07641476392745972,-0.17415806651115417,0.03607246279716492,-0.21761175990104675,0.03411942720413208,-0.2702040672302246,0.03824901580810547,-0.17730721831321716,0.041824549436569214,-0.1645371913909912,-0.006260186433792114,-0.2096618115901947,-0.007236212491989136,-0.26057013869285583,0.001142263412475586,-0.18124854564666748,0.003927260637283325,-0.16498404741287231,-0.04717525839805603,-0.1956263780593872,-0.048541247844696045,-0.23887044191360474,-0.035001158714294434,-0.18644410371780396,-0.029626131057739258,-0.16501200199127197,A
0.0,0.0,0.06527513265609741,-0.039853811264038086,0.11957886815071106,-0.10202282667160034,0.1692250669002533,-0.16167372465133667,0.21388360857963562,-0.1823483109474182,0.08102446794509888,-0.21988126635551453,0.07171154022216797,-0.28033193945884705,0.0700482726097107,-0.20742648839950562,0.07495585083961487,-0.1780262589454651,0.03524833917617798,-0.2192324697971344,0.029581129550933838,-0.27092570066452026,0.03517526388168335,-0.17782041430473328,0.0414164662361145,-0.16840475797653198,-0.007188916206359863,-0.21110418438911438,-0.010280340909957886,-0.2621142864227295,-0.0008008182048797607,-0.183220773935318,0.004757612943649292,-0.1690816879272461,-0.04791000485420227,-0.19745373725891113,-0.05179765820503235,-0.23896241188049316,-0.03739461302757263,-0.18788555264472961,-0.029913634061813354,-0.1678209900856018,A
0.0,0.0,0.06430831551551819,-0.03708916902542114,0.11756324768066406,-0.10128307342529297,0.1661887764930725,-0.1589665412902832,0.21052271127700806,-0.18097448348999023,0.08237534761428833,-0.21968019008636475,0.07114148139953613,-0.2784661650657654,0.06895232200622559,-0.20261234045028687,0.07453411817550659,-0.1728379726409912,0.035394638776779175,-0.21940073370933533,0.028336048126220703,-0.27187037467956543,0.033724039793014526,-0.18001750111579895,0.04047876596450806,-0.16701769828796387,-0.007867932319641113,-0.21104669570922852,-0.013269692659378052,-0.259385883808136,-0.00398746132850647,-0.18116167187690735,0.003584235906600952,-0.16717082262039185,-0.04814818501472473,-0.19697469472885132,-0.05429479479789734,-0.23950380086898804,-0.041040241718292236,-0.18737289309501648,-0.03263288736343384,-0.16659313440322876,A
0.0,0.0,0.06391972303390503,-0.03959381580352783,0.1178673803806305,-0.10368013381958008,0.1667725145816803,-0.1614835262298584,0.21034720540046692,-0.18354487419128418,0.08187472820281982,-0.22353124618530273,0.07240724563598633,-0.2822797894477844,0.06970086693763733,-0.20556530356407166,0.07396888732910156,-0.17730370163917542,0.03545251488685608,-0.2227414846420288,0.029548227787017822,-0.2752784490585327,0.03458058834075928,-0.18378353118896484,0.040648579597473145,-0.1718018651008606,-0.00767439603805542,-0.21411430835723877,-0.012179523706436157,-0.2619033455848694,-0.0028901100158691406,-0.18354880809783936,0.004602491855621338,-0.17057663202285767,-0.04774045944213867,-0.19936388731002808,-0.05341506004333496,-0.24177294969558716,-0.0397738516330719,-0.18993255496025085,-0.03153860569000244,-0.16899853944778442,A
0.0,0.0,0.06411832571029663,-0.04417729377746582,0.11876791715621948,-0.11169326305389404,0.16908907890319824,-0.17307770252227783,0.21213418245315552,-0.19711834192276,0.07770729064941406,-0.22741416096687317,0.06309512257575989,-0.2870880663394928,0.06332319974899292,-0.21227282285690308,0.07190445065498352,-0.1834033727645874,0.03001764416694641,-0.22374355792999268,0.019498348236083984,-0.2775470018386841,0.026618778705596924,-0.1875166893005371,0.03601861000061035,-0.17838937044143677,-0.013117790222167969,-0.21396049857139587,-0.02080327272415161,-0.2647116184234619,-0.010292768478393555,-0.18816298246383667,-0.0007702410221099854,-0.17638158798217773,-0.0526125431060791,-0.19665560126304626,-0.062004148960113525,-0.2384161353111267,-0.04667168855667114,-0.1894574761390686,-0.03545859456062317,-0.16918998956680298,A
0.0,0.0,0.06404098868370056,-0.042819976806640625,0.11543306708335876,-0.10557210445404053,0.16407090425491333,-0.1694231629371643,0.21058869361877441,-0.19499081373214722,0.07974043488502502,-0.22773778438568115,0.06074601411819458,-0.28409284353256226,0.06347715854644775,-0.21039152145385742,0.07457354664802551,-0.1851329207420349,0.03137999773025513,-0.22179919481277466,0.018271654844284058,-0.27478453516960144,0.027355074882507324,-0.17963933944702148,0.03768444061279297,-0.17774617671966553,-0.011939138174057007,-0.2114747166633606,-0.021837234497070312,-0.2622992992401123,-0.0104789137840271,-0.1838168501853943,-6.666779518127441e-05,-0.17916810512542725,-0.05191043019294739,-0.19595304131507874,-0.06382608413696289,-0.23595333099365234,-0.049008190631866455,-0.18661201000213623,-0.03838694095611572,-0.1712273359298706,A
0.0,0.0,0.06290087103843689,-0.04231005907058716,0.11288082599639893,-0.10300934314727783,0.16277378797531128,-0.1671045422554016,0.20928478240966797,-0.19604164361953735,0.08054673671722412,-0.2304370105266571,0.059260815382003784,-0.28558221459388733,0.061324745416641235,-0.2136501669883728,0.07242682576179504,-0.18680858612060547,0.03182792663574219,-0.22448250651359558,0.017568916082382202,-0.2755277752876282,0.026592403650283813,-0.180433452129364,0.038639843463897705,-0.17784768342971802,-0.011316925287246704,-0.2139669954776764,-0.022425323724746704,-0.2636954188346863,-0.010404706001281738,-0.18574750423431396,0.0017013847827911377,-0.17876923084259033,-0.05100589990615845,-0.19760891795158386,-0.06410856544971466,-0.23707807064056396,-0.04828605055809021,-0.18841862678527832,-0.035571515560150146,-0.17183279991149902,A
0.0,0.0,0.061693787574768066,-0.039530158042907715,0.11290216445922852,-0.10632717609405518,0.16240987181663513,-0.16983526945114136,0.20849043130874634,-0.1963912844657898,0.08135336637496948,-0.23136737942695618,0.05906686186790466,-0.28898540139198303,0.05960032343864441,-0.21275293827056885,0.07246637344360352,-0.1889411211013794,0.03319302201271057,-0.22552648186683655,0.018132269382476807,-0.2768075466156006,0.025222480297088623,-0.18391424417495728,0.0387568473815918,-0.1812191605567932,-0.010248243808746338,-0.21551403403282166,-0.023023515939712524,-0.2635955214500427,-0.013246625661849976,-0.1856667399406433,0.001893073320388794,-0.18103206157684326,-0.04932853579521179,-0.20065000653266907,-0.06282135844230652,-0.2405664324760437,-0.0503392219543457,-0.18943679332733154,-0.03790700435638428,-0.17234200239181519,A
0.0,0.0,0.06238967180252075,-0.03972417116165161,0.11441928148269653,-0.10549181699752808,0.1656348705291748,-0.17158883810043335,0.21292245388031006,-0.19795125722885132,0.08090165257453918,-0.23453259468078613,0.06037414073944092,-0.29215478897094727,0.06176242232322693,-0.21433627605438232,0.07369247078895569,-0.19188374280929565,0.03242909908294678,-0.22810617089271545,0.01933768391609192,-0.2801525592803955,0.02683955430984497,-0.18561941385269165,0.038909316062927246,-0.1848950982093811,-0.011689811944961548,-0.21789878606796265,-0.02223554253578186,-0.26747584342956543,-0.012294769287109375,-0.18852615356445312,0.001680999994277954,-0.18445086479187012,-0.05097663402557373,-0.20288854837417603,-0.062263861298561096,-0.2431160807609558,-0.04864653944969177,-0.19144690036773682,-0.036382466554641724,-0.17464661598205566,A
0.0,0.0,0.061806708574295044,-0.038934409618377686,0.1128251850605011,-0.10760295391082764,0.16201278567314148,-0.1714245080947876,0.20836639404296875,-0.19630885124206543,0.075903981924057,-0.2326458990573883,0.058871954679489136,-0.29134681820869446,0.060222238302230835,-0.21645092964172363,0.0688619315624237,-0.18631529808044434,0.02764183282852173,-0.22860169410705566,0.014990627765655518,-0.28035008907318115,0.024369746446609497,-0.18753647804260254,0.035200268030166626,-0.18117749691009521,-0.016432642936706543,-0.21861958503723145,-0.027390718460083008,-0.26941120624542236,-0.015562951564788818,-0.19146645069122314,-0.004776209592819214,-0.18238699436187744,-0.05711632966995239,-0.20322948694229126,-0.06879863142967224,-0.2457684874534607,-0.05405518412590027,-0.1954721212387085,-0.04351380467414856,-0.1772317886352539,A
0.0,0.0,0.06305041909217834,-0.04171055555343628,0.11536383628845215,-0.11105656623840332,0.16578882932662964,-0.1743030548095703,0.21187466382980347,-0.1984146237373352,0.07511115074157715,-0.23091667890548706,0.062454670667648315,-0.2907962501049042,0.062037527561187744,-0.21701130270957947,0.06975701451301575,-0.18949007987976074,0.027784883975982666,-0.2267732322216034,0.01856139302253723,-0.2778235077857971,0.02597680687904358,-0.18522995710372925,0.036131203174591064,-0.1821054220199585,-0.015529781579971313,-0.21663519740104675,-0.022555768489837646,-0.2692467272281647,-0.012613832950592041,-0.19100868701934814,-0.0033703744411468506,-0.1833707094192505,-0.05581143498420715,-0.20100170373916626,-0.06486201286315918,-0.24449187517166138,-0.05189502239227295,-0.19701170921325684,-0.043639540672302246,-0.17979121208190918,A
0.0,0.0,0.06151515245437622,-0.041722118854522705,0.1146332323551178,-0.1111186146736145,0.16427135467529297,-0.17377907037734985,0.2102605104446411,-0.19847577810287476,0.07666584849357605,-0.23303046822547913,0.06311455368995667,-0.29100164771080017,0.062189072370529175,-0.21531814336776733,0.06908664107322693,-0.1895153522491455,0.03008633852005005,-0.22914880514144897,0.01975339651107788,-0.2802817225456238,0.027680784463882446,-0.18881291151046753,0.03758177161216736,-0.18382364511489868,-0.01319211721420288,-0.21921789646148682,-0.0219576358795166,-0.2708522081375122,-0.01159021258354187,-0.19166582822799683,-0.0010998249053955078,-0.1826663613319397,-0.05385047197341919,-0.2039729356765747,-0.06493780016899109,-0.2484746277332306,-0.05053842067718506,-0.19876927137374878,-0.039519816637039185,-0.17914903163909912,A
0.0,0.0,0.06179922819137573,-0.042369723320007324,0.1152908205986023,-0.11033952236175537,0.16484561562538147,-0.17201083898544312,0.20982816815376282,-0.1964554786682129,0.07622858881950378,-0.23004668951034546,0.06341886520385742,-0.2906520962715149,0.06237679719924927,-0.2148779332637787,0.06881904602050781,-0.18686628341674805,0.03025546669960022,-0.2266862988471985,0.020786404609680176,-0.2784435749053955,0.02850973606109619,-0.18743181228637695,0.03823131322860718,-0.18089830875396729,-0.012641310691833496,-0.21679344773292542,-0.021135777235031128,-0.2697196304798126,-0.011003851890563965,-0.1914215087890625,-0.0011319220066070557,-0.1809772253036499,-0.053389549255371094,-0.2014678716659546,-0.06417110562324524,-0.24608269333839417,-0.049704134464263916,-0.19729965925216675,-0.03916257619857788,-0.17725008726119995,A
0.0,0.0,0.06524017453193665,-0.03842669725418091,0.12074068188667297,-0.10697674751281738,0.17069587111473083,-0.16790717840194702,0.21536728739738464,-0.19176650047302246,0.08135390281677246,-0.22444456815719604,0.0760880708694458,-0.2840786874294281,0.07271444797515869,-0.20994257926940918,0.07634109258651733,-0.180428147315979,0.03610995411872864,-0.2252516746520996,0.032647132873535156,-0.2790723741054535,0.03599119186401367,-0.18951302766799927,0.03946775197982788,-0.17921894788742065,-0.00764802098274231,-0.21620473265647888,-0.010188519954681396,-0.26763540506362915,-0.0022617876529693604,-0.18780481815338135,0.0014695227146148682,-0.17590677738189697,-0.05027744174003601,-0.19993579387664795,-0.05343177914619446,-0.2427944540977478,-0.040022820234298706,-0.19085511565208435,-0.03474986553192139,-0.17274773120880127,A
0.0,0.0,0.06643262505531311,-0.0372883677482605,0.12240433692932129,-0.10218870639801025,0.17253124713897705,-0.1618061661720276,0.21758222579956055,-0.1839824914932251,0.08584341406822205,-0.2212141752243042,0.07825461030006409,-0.28282982110977173,0.07462474703788757,-0.20933634042739868,0.07839298248291016,-0.1792507767677307,0.04045376181602478,-0.22195875644683838,0.036056697368621826,-0.2746809124946594,0.03913930058479309,-0.1845656931400299,0.04497206211090088,-0.17521995306015015,-0.0023286938667297363,-0.21393078565597534,-0.005425482988357544,-0.26495903730392456,0.001535266637802124,-0.18734675645828247,0.007231533527374268,-0.1763293743133545,-0.043462932109832764,-0.19949081540107727,-0.04831355810165405,-0.2428237497806549,-0.03627297282218933,-0.19193267822265625,-0.03019675612449646,-0.1729515790939331,A
0.0,0.0,0.065407395362854,-0.03683966398239136,0.12165376543998718,-0.10239696502685547,0.170040100812912,-0.1593461036682129,0.2136555016040802,-0.18034422397613525,0.08417180180549622,-0.21763375401496887,0.0791296660900116,-0.27856579422950745,0.074319988489151,-0.204807847738266,0.07550480961799622,-0.17424196004867554,0.0404549241065979,-0.2209010124206543,0.03746357560157776,-0.27484989166259766,0.040511250495910645,-0.1857474148273468,0.043565958738327026,-0.17115366458892822,-0.0015940964221954346,-0.2140849530696869,-0.0048333704471588135,-0.2675284743309021,0.002204418182373047,-0.1883261799812317,0.00527617335319519,-0.17108196020126343,-0.042856961488723755,-0.20084446668624878,-0.04746288061141968,-0.24588754773139954,-0.03512737154960632,-0.19231733679771423,-0.029784023761749268,-0.1699008345603943,A
0.0,0.0,0.0660243034362793,-0.03489965200424194,0.12302520871162415,-0.10071456432342529,0.1735619604587555,-0.15710723400115967,0.2181103527545929,-0.17569616436958313,0.0845278799533844,-0.21102795004844666,0.08736351132392883,-0.27591633796691895,0.08172893524169922,-0.20187872648239136,0.07954737544059753,-0.1727094054222107,0.042107224464416504,-0.21527844667434692,0.045790135860443115,-0.2710460424423218,0.04554131627082825,-0.18210706114768982,0.04353669285774231,-0.17188957333564758,-7.298588752746582e-05,-0.20951417088508606,0.004077166318893433,-0.26349228620529175,0.009320437908172607,-0.18393629789352417,0.007490813732147217,-0.17111629247665405,-0.042624592781066895,-0.1972792148590088,-0.04087275266647339,-0.24321240186691284,-0.027422040700912476,-0.19147422909736633,-0.0247480571269989,-0.17132335901260376,A
0.0,0.0,0.06390297412872314,-0.03563880920410156,0.12118330597877502,-0.10096186399459839,0.1699514091014862,-0.15523052215576172,0.21166452765464783,-0.1756991744041443,0.08419474959373474,-0.21667414903640747,0.08422353863716125,-0.2761648893356323,0.07877662777900696,-0.20144638419151306,0.0765695571899414,-0.17035692930221558,0.040678709745407104,-0.2215389609336853,0.04369887709617615,-0.2739642262458801,0.04516902565956116,-0.1840822696685791,0.043643027544021606,-0.16862469911575317,-0.0017035305500030518,-0.2152363657951355,0.0014902353286743164,-0.2669008672237396,0.007288217544555664,-0.18698260188102722,0.005497545003890991,-0.16945362091064453,-0.04351213574409485,-0.20137998461723328,-0.040359169244766235,-0.24786457419395447,-0.028961777687072754,-0.19384750723838806,-0.02803090214729309,-0.17092934250831604,A
0.0,0.0,0.06562995910644531,-0.03464311361312866,0.12317770719528198,-0.09754687547683716,0.1723639965057373,-0.15228986740112305,0.2138689160346985,-0.1740192472934723,0.08823859691619873,-0.21437904238700867,0.08925086259841919,-0.27570030093193054,0.0817720890045166,-0.2010204792022705,0.07901066541671753,-0.1699322760105133,0.04483410716056824,-0.2197115123271942,0.04893457889556885,-0.27253180742263794,0.04768440127372742,-0.18277356028556824,0.04641062021255493,-0.1683926284313202,0.0022610127925872803,-0.21356579661369324,0.007634162902832031,-0.26619547605514526,0.011414110660552979,-0.1863807737827301,0.009766042232513428,-0.1692826747894287,-0.03979960083961487,-0.2001464068889618,-0.035772860050201416,-0.24589329957962036,-0.02505415678024292,-0.19298768043518066,-0.02417507767677307,-0.17183610796928406,A
0.0,0.0,0.06452295184135437,-0.03218972682952881,0.12189999222755432,-0.09787368774414062,0.17111429572105408,-0.1538461446762085,0.2147596776485443,-0.17382892966270447,0.08781382441520691,-0.21636813879013062,0.08943203091621399,-0.27810215950012207,0.08429333567619324,-0.20228910446166992,0.0806894600391388,-0.1690789759159088,0.04334229230880737,-0.22180747985839844,0.04724106192588806,-0.276380717754364,0.049186885356903076,-0.18341663479804993,0.04742056131362915,-0.16694074869155884,7.238984107971191e-05,-0.21550902724266052,0.0036264657974243164,-0.26657968759536743,0.010672807693481445,-0.1848512887954712,0.00916820764541626,-0.16707897186279297,-0.04253336787223816,-0.2015414535999298,-0.03866022825241089,-0.24844518303871155,-0.026566624641418457,-0.19506120681762695,-0.025512337684631348,-0.17350780963897705,A
0.0,0.0,0.06635430455207825,-0.0336836576461792,0.12420225143432617,-0.09968793392181396,0.1734265685081482,-0.15616250038146973,0.21681809425354004,-0.17556777596473694,0.08672499656677246,-0.21760833263397217,0.08926498889923096,-0.27932631969451904,0.08291667699813843,-0.20307382941246033,0.08022809028625488,-0.1726192831993103,0.04128721356391907,-0.2226584553718567,0.04620814323425293,-0.27642568945884705,0.04693126678466797,-0.18300873041152954,0.04533424973487854,-0.1688319444656372,-0.00183027982711792,-0.2161148190498352,0.002825498580932617,-0.26603853702545166,0.008912622928619385,-0.1856086254119873,0.007572680711746216,-0.16976511478424072,-0.04329580068588257,-0.2021741271018982,-0.03931513428688049,-0.24861401319503784,-0.027053266763687134,-0.1955445110797882,-0.025527656078338623,-0.1738588511943817,A
0.0,0.0,0.06849062442779541,-0.04000508785247803,0.12417471408843994,-0.0997551679611206,0.17496418952941895,-0.15818631649017334,0.21913820505142212,-0.1796901524066925,0.0879751443862915,-0.21566206216812134,0.0856475830078125,-0.2784005105495453,0.0809650719165802,-0.2060069441795349,0.08178585767745972,-0.17376190423965454,0.04295414686203003,-0.21991220116615295,0.04317539930343628,-0.2727605104446411,0.04464906454086304,-0.18104401230812073,0.04658108949661255,-0.16826015710830688,-9.265542030334473e-05,-0.21384921669960022,0.0020359158515930176,-0.26607435941696167,0.007759571075439453,-0.18727925419807434,0.008341401815414429,-0.17067933082580566,-0.0423319935798645,-0.20008426904678345,-0.04083624482154846,-0.24545776844024658,-0.029154300689697266,-0.19296866655349731,-0.02625972032546997,-0.17090868949890137,A
0.0,0.0,0.06657299399375916,-0.03477984666824341,0.12394723296165466,-0.10022389888763428,0.17267009615898132,-0.160211980342865,0.21685126423835754,-0.181472510099411,0.08687230944633484,-0.21784329414367676,0.08484461903572083,-0.28038159012794495,0.08019497990608215,-0.20496422052383423,0.08067521452903748,-0.1752905547618866,0.0411067008972168,-0.22084909677505493,0.041581809520721436,-0.27668046951293945,0.043427854776382446,-0.18275871872901917,0.04434049129486084,-0.1714944839477539,-0.0021161139011383057,-0.21374908089637756,-0.0014124810695648193,-0.2655365467071533,0.005206078290939331,-0.1851542592048645,0.006453216075897217,-0.17197537422180176,-0.04416975378990173,-0.20042431354522705,-0.04462483525276184,-0.2447485327720642,-0.03235641121864319,-0.19177958369255066,-0.02845439314842224,-0.17243796586990356,A
0.0,0.0,0.06573119759559631,-0.04495894908905029,0.12325119972229004,-0.10669398307800293,0.17565608024597168,-0.16991841793060303,0.2198798656463623,-0.19586557149887085,0.08293163776397705,-0.22650831937789917,0.07705226540565491,-0.28967663645744324,0.07429298758506775,-0.2132587432861328,0.0767371654510498,-0.18633967638015747,0.037133246660232544,-0.2243923842906952,0.034379392862319946,-0.27877727150917053,0.03867042064666748,-0.18521589040756226,0.04362928867340088,-0.18188780546188354,-0.00648072361946106,-0.21546617150306702,-0.006733626127243042,-0.2684127688407898,0.0014390051364898682,-0.18852859735488892,0.0060839056968688965,-0.17880773544311523,-0.04781830310821533,-0.19880428910255432,-0.050752997398376465,-0.24171531200408936,-0.03614884614944458,-0.19179528951644897,-0.030465781688690186,-0.1742469072341919,A
0.0,0.0,0.06632101535797119,-0.039633870124816895,0.12221595644950867,-0.1045638918876648,0.171625018119812,-0.16755831241607666,0.21784353256225586,-0.19169044494628906,0.08577966690063477,-0.22821134328842163,0.07924157381057739,-0.2898135185241699,0.07587164640426636,-0.21046766638755798,0.07831814885139465,-0.18179035186767578,0.03697437047958374,-0.22721236944198608,0.03434869647026062,-0.2805669903755188,0.03863650560379028,-0.18451285362243652,0.041986674070358276,-0.17662835121154785,-0.008464902639389038,-0.21799057722091675,-0.009396404027938843,-0.26814764738082886,3.573298454284668e-05,-0.18550455570220947,0.004852712154388428,-0.1746762990951538,-0.050970613956451416,-0.20171937346458435,-0.05382651090621948,-0.24550580978393555,-0.0377998948097229,-0.19160079956054688,-0.030579864978790283,-0.17146533727645874,A
0.0,0.0,0.06434383988380432,-0.04064345359802246,0.12068215012550354,-0.10693371295928955,0.17050927877426147,-0.16856372356414795,0.21604090929031372,-0.19201892614364624,0.08388850092887878,-0.23023825883865356,0.07526177167892456,-0.29105666279792786,0.07406488060951233,-0.21232569217681885,0.07776343822479248,-0.18454843759536743,0.03600943088531494,-0.2279462218284607,0.03107324242591858,-0.2818855941295624,0.03766784071922302,-0.18768095970153809,0.042067140340805054,-0.17889350652694702,-0.009090423583984375,-0.21804988384246826,-0.012201577425003052,-0.26825693249702454,-0.0016618072986602783,-0.1865580677986145,0.004061669111251831,-0.17621368169784546,-0.05175298452377319,-0.20184651017189026,-0.05551964044570923,-0.24525022506713867,-0.040511101484298706,-0.1920386552810669,-0.033907294273376465,-0.17333048582077026,A
0.0,0.0,0.06476274132728577,-0.04084843397140503,0.120944082736969,-0.10732412338256836,0.171451598405838,-0.1702204942703247,0.21768537163734436,-0.19482207298278809,0.08465912938117981,-0.23229414224624634,0.07548871636390686,-0.29129862785339355,0.074099600315094,-0.21181750297546387,0.07817205786705017,-0.18645340204238892,0.03585273027420044,-0.22987410426139832,0.031247228384017944,-0.2837834060192108,0.03742784261703491,-0.1879270076751709,0.04134279489517212,-0.18160158395767212,-0.010118454694747925,-0.21976864337921143,-0.012471646070480347,-0.2691568434238434,-0.0018752217292785645,-0.18683159351348877,0.00362202525138855,-0.17830288410186768,-0.05313766002655029,-0.2031630575656891,-0.056608766317367554,-0.24579188227653503,-0.040711402893066406,-0.1924448013305664,-0.03383880853652954,-0.17436617612838745,A
0.0,0.0,0.06457647681236267,-0.04106694459915161,0.12109416723251343,-0.11054426431655884,0.17166805267333984,-0.17285889387130737,0.21793341636657715,-0.19661098718643188,0.08438238501548767,-0.23426225781440735,0.07506951689720154,-0.29319989681243896,0.07321110367774963,-0.21409255266189575,0.07704639434814453,-0.18967294692993164,0.03539600968360901,-0.23169204592704773,0.030522197484970093,-0.2839396297931671,0.036797672510147095,-0.18867063522338867,0.04094085097312927,-0.18349450826644897,-0.010349363088607788,-0.22190195322036743,-0.01391264796257019,-0.2698518931865692,-0.003137350082397461,-0.1877571940422058,0.002720445394515991,-0.18087995052337646,-0.052938103675842285,-0.20599645376205444,-0.05753406882286072,-0.24780011177062988,-0.042110443115234375,-0.19446605443954468,-0.03534361720085144,-0.17725986242294312,A
0.0,0.0,0.06482082605361938,-0.04544854164123535,0.11990579962730408,-0.11282885074615479,0.17012903094291687,-0.17702025175094604,0.2163660228252411,-0.20184308290481567,0.08304893970489502,-0.23677676916122437,0.07199040055274963,-0.29828745126724243,0.07172605395317078,-0.21753248572349548,0.07746201753616333,-0.1928756833076477,0.032949358224868774,-0.23156654834747314,0.02733173966407776,-0.28477001190185547,0.03403359651565552,-0.18669629096984863,0.03893199563026428,-0.18719089031219482,-0.013095885515213013,-0.22075936198234558,-0.01656666398048401,-0.2721249759197235,-0.005327820777893066,-0.18984287977218628,0.0010474920272827148,-0.18549054861068726,-0.055916041135787964,-0.20433825254440308,-0.06181791424751282,-0.24719521403312683,-0.04498136043548584,-0.1958545446395874,-0.03706899285316467,-0.17934876680374146,A
0.0,0.0,0.06276795268058777,-0.04451441764831543,0.11683499813079834,-0.11461138725280762,0.166042298078537,-0.17834258079528809,0.21153786778450012,-0.20432382822036743,0.0806620717048645,-0.23826724290847778,0.06981417536735535,-0.29856741428375244,0.0687246322631836,-0.2185833752155304,0.07429704070091248,-0.1936461329460144,0.03206959366798401,-0.23494157195091248,0.026583939790725708,-0.28614646196365356,0.03312152624130249,-0.1897372007369995,0.03902062773704529,-0.18603813648223877,-0.012875109910964966,-0.22419044375419617,-0.018068283796310425,-0.2717015743255615,-0.006759315729141235,-0.18908601999282837,0.0017901957035064697,-0.18272626399993896,-0.05449265241622925,-0.20700794458389282,-0.06209540367126465,-0.24869570136070251,-0.04612043499946594,-0.19640421867370605,-0.03688684105873108,-0.1790081262588501,A
0.0,0.0,0.06091928482055664,-0.04355156421661377,0.11440563201904297,-0.11419689655303955,0.16409629583358765,-0.17694705724716187,0.2091328501701355,-0.2028711438179016,0.07763215899467468,-0.23660427331924438,0.06695294380187988,-0.2953202724456787,0.066128671169281,-0.21614256501197815,0.07020342350006104,-0.1921284794807434,0.030135661363601685,-0.2328731119632721,0.02366769313812256,-0.2835181653499603,0.03176245093345642,-0.18952131271362305,0.0366193950176239,-0.1859654188156128,-0.013984143733978271,-0.2219291627407074,-0.020053386688232422,-0.27134203910827637,-0.007741332054138184,-0.18965548276901245,-0.00040990114212036133,-0.18315494060516357,-0.05479782819747925,-0.20485883951187134,-0.06254655122756958,-0.24742341041564941,-0.04656776785850525,-0.19502192735671997,-0.038545429706573486,-0.1778678297996521,A
0.0,0.0,0.061075180768966675,-0.043534040451049805,0.11409580707550049,-0.1141735315322876,0.1639215648174286,-0.1774507761001587,0.2089410126209259,-0.20396947860717773,0.07709923386573792,-0.23608803749084473,0.06673690676689148,-0.2955493927001953,0.06645765900611877,-0.2169872522354126,0.07025820016860962,-0.19148719310760498,0.02977171540260315,-0.23257777094841003,0.02343517541885376,-0.2835110127925873,0.03213822841644287,-0.18979918956756592,0.03685647249221802,-0.18493080139160156,-0.014317452907562256,-0.22167706489562988,-0.020279139280319214,-0.2718539535999298,-0.007331967353820801,-0.19008100032806396,-0.00026366114616394043,-0.1818486452102661,-0.05511355400085449,-0.2042660117149353,-0.06266608834266663,-0.2479274570941925,-0.046285390853881836,-0.1953098177909851,-0.03810718655586243,-0.17702019214630127,A
0.0,0.0,0.06100013852119446,-0.043393611907958984,0.11428895592689514,-0.11339086294174194,0.16427457332611084,-0.17688912153244019,0.20937371253967285,-0.2034541666507721,0.07718732953071594,-0.23561546206474304,0.06730470061302185,-0.2937237322330475,0.06692689657211304,-0.21568799018859863,0.07084968686103821,-0.19215285778045654,0.03037440776824951,-0.23226648569107056,0.023798972368240356,-0.2827204465866089,0.03233698010444641,-0.18965327739715576,0.0377049446105957,-0.18663954734802246,-0.013344824314117432,-0.22135305404663086,-0.019464313983917236,-0.2713624835014343,-0.006983548402786255,-0.18981212377548218,0.0009320378303527832,-0.18229293823242188,-0.053946495056152344,-0.20417791604995728,-0.06220841407775879,-0.2469680905342102,-0.04600188136100769,-0.19479042291641235,-0.036888837814331055,-0.17696809768676758,A
0.0,0.0,0.06113940477371216,-0.04215395450592041,0.11442840099334717,-0.11150139570236206,0.16382569074630737,-0.17260843515396118,0.20816516876220703,-0.19752898812294006,0.07636231184005737,-0.22850286960601807,0.06571730971336365,-0.2894652485847473,0.06480860710144043,-0.21246689558029175,0.0690157413482666,-0.18686407804489136,0.03081613779067993,-0.2250281572341919,0.02306300401687622,-0.27579689025878906,0.03090807795524597,-0.18447375297546387,0.03737306594848633,-0.18096113204956055,-0.01223832368850708,-0.21466529369354248,-0.018539339303970337,-0.266487181186676,-0.007938504219055176,-0.18632125854492188,-0.0008925795555114746,-0.17819339036941528,-0.0535464882850647,-0.19917911291122437,-0.060876816511154175,-0.24116700887680054,-0.046249210834503174,-0.19065111875534058,-0.03850221633911133,-0.17313742637634277,A
0.0,0.0,0.0629010796546936,-0.04126244783401489,0.11737146973609924,-0.10948526859283447,0.16536462306976318,-0.17059266567230225,0.20891183614730835,-0.195756196975708,0.07957902550697327,-0.22552922368049622,0.07037410140037537,-0.28734803199768066,0.06856444478034973,-0.21037191152572632,0.07216274738311768,-0.18410724401474,0.034125715494155884,-0.22333770990371704,0.02764025330543518,-0.2763473391532898,0.03404054045677185,-0.1851688027381897,0.039237797260284424,-0.17898541688919067,-0.009136497974395752,-0.21353644132614136,-0.013552874326705933,-0.26649996638298035,-0.003763258457183838,-0.1856677532196045,0.0019729137420654297,-0.1750810146331787,-0.05080261826515198,-0.1977647840976715,-0.05656436085700989,-0.24164167046546936,-0.041837722063064575,-0.19091612100601196,-0.03481447696685791,-0.17223131656646729,A
0.0,0.0,0.06324157118797302,-0.03896611928939819,0.1172802746295929,-0.10735219717025757,0.165359765291214,-0.16782617568969727,0.2092362940311432,-0.19225594401359558,0.07936966419219971,-0.22576487064361572,0.07162320613861084,-0.28549104928970337,0.07052475214004517,-0.2073901891708374,0.07269248366355896,-0.17997366189956665,0.03285524249076843,-0.22441035509109497,0.028643012046813965,-0.2766464948654175,0.03620961308479309,-0.18383252620697021,0.03871530294418335,-0.1739882230758667,-0.011102139949798584,-0.2143588662147522,-0.014089524745941162,-0.26448386907577515,-0.0023711025714874268,-0.18266808986663818,0.0016503334045410156,-0.17027312517166138,-0.05294075608253479,-0.19786179065704346,-0.057288676500320435,-0.24136006832122803,-0.04161253571510315,-0.18931043148040771,-0.03539365530014038,-0.17030680179595947,A
0.0,0.0,0.06350547075271606,-0.038804590702056885,0.11757516860961914,-0.10836535692214966,0.16531690955162048,-0.16945213079452515,0.2092541754245758,-0.19354155659675598,0.07962915301322937,-0.22733202576637268,0.07193717360496521,-0.2871720492839813,0.07019618153572083,-0.2091355323791504,0.07226774096488953,-0.18208175897598267,0.033114999532699585,-0.2258898913860321,0.029041647911071777,-0.27747994661331177,0.036376774311065674,-0.1849270462989807,0.03923147916793823,-0.17641401290893555,-0.010928601026535034,-0.21583890914916992,-0.013991951942443848,-0.26583197712898254,-0.0025468170642852783,-0.18428152799606323,0.0016870200634002686,-0.17302387952804565,-0.05275729298591614,-0.19938024878501892,-0.056936115026474,-0.2421416938304901,-0.04123905301094055,-0.1904941201210022,-0.035002321004867554,-0.1723155379295349,A
0.0,0.0,0.06324008107185364,-0.037624359130859375,0.11745017766952515,-0.10709011554718018,0.16548919677734375,-0.16803646087646484,0.20895040035247803,-0.19279909133911133,0.08025798201560974,-0.22630223631858826,0.07261484861373901,-0.2848949134349823,0.07007765769958496,-0.20758697390556335,0.07223165035247803,-0.1815667748451233,0.0336703360080719,-0.22514194250106812,0.030291497707366943,-0.27698734402656555,0.03676348924636841,-0.18458834290504456,0.03928577899932861,-0.17652153968811035,-0.010614991188049316,-0.21555855870246887,-0.013072609901428223,-0.2649141252040863,-0.0023712217807769775,-0.18359702825546265,0.0012288987636566162,-0.17325061559677124,-0.05261686444282532,-0.1996610164642334,-0.05569380521774292,-0.2416570782661438,-0.040786147117614746,-0.18964552879333496,-0.03572472929954529,-0.1720828413963318,A
0.0,0.0,0.06439539790153503,-0.03669649362564087,0.12022054195404053,-0.1053573489189148,0.16868466138839722,-0.16737431287765503,0.21377980709075928,-0.19152402877807617,0.08373337984085083,-0.22372984886169434,0.07744362950325012,-0.28391170501708984,0.07340183854103088,-0.20707741379737854,0.07505106925964355,-0.18008321523666382,0.03771325945854187,-0.2236359715461731,0.03448745608329773,-0.27545344829559326,0.03876611590385437,-0.1835152506828308,0.042629748582839966,-0.17658495903015137,-0.006162285804748535,-0.21540990471839905,-0.008140742778778076,-0.2678319811820984,0.0001545250415802002,-0.18581992387771606,0.004701107740402222,-0.17516428232192993,-0.04818850755691528,-0.20053750276565552,-0.050718486309051514,-0.24319294095039368,-0.03721114993095398,-0.19005146622657776,-0.03200617432594299,-0.17156577110290527,A
0.0,0.0,0.0638982355594635,-0.03792107105255127,0.11971476674079895,-0.1054275631904602,0.1685604751110077,-0.1659398078918457,0.21229061484336853,-0.1897609531879425,0.08251839876174927,-0.2272537350654602,0.07702198624610901,-0.28593945503234863,0.07458192110061646,-0.20779693126678467,0.07481265068054199,-0.17990463972091675,0.0360226035118103,-0.22756332159042358,0.033957451581954956,-0.2782845199108124,0.04041445255279541,-0.18484508991241455,0.042023032903671265,-0.1758517622947693,-0.007725715637207031,-0.2187185287475586,-0.009955674409866333,-0.2675809860229492,0.0011193454265594482,-0.1855427324771881,0.004364132881164551,-0.17431247234344482,-0.049384236335754395,-0.2024836242198944,-0.05295360088348389,-0.24468636512756348,-0.0375579297542572,-0.19171616435050964,-0.03198462724685669,-0.17370134592056274,A
0.0,0.0,0.06429624557495117,-0.037251830101013184,0.1203431785106659,-0.1051298975944519,0.16961032152175903,-0.16571462154388428,0.21382898092269897,-0.18960243463516235,0.08362606167793274,-0.2269831895828247,0.07796597480773926,-0.28487664461135864,0.0743914246559143,-0.20767173171043396,0.0752716064453125,-0.18108588457107544,0.03703945875167847,-0.2270124852657318,0.03590622544288635,-0.27811670303344727,0.04089060425758362,-0.18548813462257385,0.04295340180397034,-0.1780892014503479,-0.007174104452133179,-0.21834397315979004,-0.00840151309967041,-0.26759403944015503,0.0010410547256469727,-0.1865551471710205,0.004393100738525391,-0.17698347568511963,-0.04888996481895447,-0.20287445187568665,-0.05144020915031433,-0.24537590146064758,-0.03710108995437622,-0.19362899661064148,-0.03223267197608948,-0.1761157512664795,A
0.0,0.0,0.064444899559021,-0.03641170263290405,0.12051481008529663,-0.10382521152496338,0.16911202669143677,-0.16448062658309937,0.21289420127868652,-0.18815192580223083,0.08377858996391296,-0.22579240798950195,0.07705307006835938,-0.28323468565940857,0.07412078976631165,-0.20635062456130981,0.0757291316986084,-0.1794346570968628,0.03730291128158569,-0.22641989588737488,0.03491497039794922,-0.2773853838443756,0.04057392477989197,-0.1849048137664795,0.04318279027938843,-0.17629247903823853,-0.006694227457046509,-0.2180997133255005,-0.009134650230407715,-0.2675938308238983,0.00083160400390625,-0.18614652752876282,0.004701584577560425,-0.17508673667907715,-0.0485997200012207,-0.2029307782649994,-0.05247107148170471,-0.24556517601013184,-0.03798788785934448,-0.19301915168762207,-0.03212311863899231,-0.17495572566986084,A
0.0,0.0,0.06492626667022705,-0.03755223751068115,0.12098398804664612,-0.10467296838760376,0.16998210549354553,-0.16506850719451904,0.21388813853263855,-0.18883270025253296,0.08403494954109192,-0.22545340657234192,0.07828682661056519,-0.28483647108078003,0.07459843158721924,-0.2078310251235962,0.07563415169715881,-0.17909282445907593,0.03825792670249939,-0.22619479894638062,0.03609630465507507,-0.27855411171913147,0.040956974029541016,-0.18576592206954956,0.043808430433273315,-0.17594510316848755,-0.005411714315414429,-0.2183856964111328,-0.007691115140914917,-0.2697597146034241,0.001490265130996704,-0.1882142424583435,0.00542488694190979,-0.17564910650253296,-0.04743656516075134,-0.20399892330169678,-0.05156788229942322,-0.2475925087928772,-0.03732147812843323,-0.19515451788902283,-0.03126358985900879,-0.17576152086257935,A
0.0,0.0,0.06730219721794128,-0.03926175832748413,0.1269819438457489,-0.10407853126525879,0.17760899662971497,-0.16159814596176147,0.2202688753604889,-0.18404173851013184,0.08991631865501404,-0.21947842836380005,0.0913664698600769,-0.27975189685821533,0.08505094051361084,-0.20431700348854065,0.08331617712974548,-0.17470550537109375,0.04594165086746216,-0.2247893214225769,0.0485212504863739,-0.27714237570762634,0.049207836389541626,-0.18696483969688416,0.04845854640007019,-0.17555439472198486,0.0024094581604003906,-0.2178458571434021,0.005620211362838745,-0.2696059048175812,0.01095879077911377,-0.1883080005645752,0.01012033224105835,-0.17337357997894287,-0.04097512364387512,-0.2031784951686859,-0.03965553641319275,-0.2485639452934265,-0.026856988668441772,-0.19636660814285278,-0.023903340101242065,-0.17635458707809448,A
0.0,0.0,0.06755658984184265,-0.03801774978637695,0.12834995985031128,-0.10278099775314331,0.17981445789337158,-0.15920788049697876,0.222589910030365,-0.18097102642059326,0.09384793043136597,-0.2198100984096527,0.09429854154586792,-0.28149259090423584,0.08673027157783508,-0.2046583890914917,0.0848078727722168,-0.17615455389022827,0.0489192008972168,-0.22620615363121033,0.05202856659889221,-0.27869778871536255,0.051837027072906494,-0.18803957104682922,0.05196189880371094,-0.17655563354492188,0.005088746547698975,-0.22090482711791992,0.008804857730865479,-0.2726495862007141,0.01363295316696167,-0.19248682260513306,0.013943076133728027,-0.17771106958389282,-0.037911951541900635,-0.20818275213241577,-0.03569862246513367,-0.2532629072666168,-0.023464202880859375,-0.20009660720825195,-0.02076411247253418,-0.17938989400863647,A
0.0,0.0,0.06687206029891968,-0.03686648607254028,0.12865734100341797,-0.10378944873809814,0.17976993322372437,-0.15846890211105347,0.22208720445632935,-0.17876434326171875,0.09208518266677856,-0.22118133306503296,0.09547483921051025,-0.28153470158576965,0.08820021152496338,-0.20344027876853943,0.0852099061012268,-0.17620068788528442,0.04743131995201111,-0.22747942805290222,0.05319654941558838,-0.27820467948913574,0.052847087383270264,-0.18722695112228394,0.05032765865325928,-0.17705869674682617,0.0034806430339813232,-0.2219560146331787,0.009313464164733887,-0.27204954624176025,0.014165163040161133,-0.19124895334243774,0.012048691511154175,-0.17829984426498413,-0.03987795114517212,-0.20897069573402405,-0.03453585505485535,-0.25335919857025146,-0.02230575680732727,-0.2000918686389923,-0.02214837074279785,-0.17997479438781738,A
0.0,0.0,0.06725841760635376,-0.03478837013244629,0.12802526354789734,-0.10063034296035767,0.1795463263988495,-0.15454840660095215,0.222042053937912,-0.17508703470230103,0.09332934021949768,-0.21835672855377197,0.09615811705589294,-0.27990028262138367,0.08912697434425354,-0.2028331458568573,0.08557811379432678,-0.17212629318237305,0.048031747341156006,-0.22404301166534424,0.05434572696685791,-0.2762092351913452,0.053638756275177,-0.18387579917907715,0.05048474669456482,-0.1712026596069336,0.0037835538387298584,-0.21828895807266235,0.010439902544021606,-0.26985228061676025,0.014757007360458374,-0.18763452768325806,0.011798322200775146,-0.1727062463760376,-0.039467424154281616,-0.20501860976219177,-0.03334689140319824,-0.2510605752468109,-0.022727906703948975,-0.19740256667137146,-0.0235593318939209,-0.17708232998847961,A
0.0,0.0,0.06806927919387817,-0.034792542457580566,0.12732970714569092,-0.10020679235458374,0.17698931694030762,-0.1561775803565979,0.22033071517944336,-0.17679423093795776,0.09186393022537231,-0.2194598913192749,0.09575492143630981,-0.28210732340812683,0.08916044235229492,-0.2047339677810669,0.08476763963699341,-0.1722714900970459,0.046464741230010986,-0.22598925232887268,0.05207821726799011,-0.2796957790851593,0.052390336990356445,-0.18567433953285217,0.04998692870140076,-0.1699250340461731,0.002448052167892456,-0.22067713737487793,0.007611572742462158,-0.27224674820899963,0.013079226016998291,-0.1891067624092102,0.011061280965805054,-0.17101573944091797,-0.04063194990158081,-0.20731422305107117,-0.036177873611450195,-0.2555716931819916,-0.0245838463306427,-0.20107603073120117,-0.023731917142868042,-0.1780269742012024,A
0.0,0.0,0.06885203719139099,-0.03761434555053711,0.12824437022209167,-0.10178661346435547,0.17849114537239075,-0.15804904699325562,0.22153827548027039,-0.1777750849723816,0.09327933192253113,-0.21896043419837952,0.09607180953025818,-0.2812609374523163,0.089135080575943,-0.2027205526828766,0.0859653651714325,-0.17208388447761536,0.04735022783279419,-0.2249499261379242,0.05200225114822388,-0.27927830815315247,0.05267772078514099,-0.1853553056716919,0.051477521657943726,-0.16926336288452148,0.003340393304824829,-0.21922537684440613,0.007916688919067383,-0.270746111869812,0.01359739899635315,-0.1882408857345581,0.012919306755065918,-0.1698542833328247,-0.03932633996009827,-0.2056904435157776,-0.03622755408287048,-0.25364843010902405,-0.0239238440990448,-0.20011240243911743,-0.021882861852645874,-0.17732572555541992,A
0.0,0.0,0.06835687160491943,-0.0368577241897583,0.1267196238040924,-0.10148990154266357,0.17753824591636658,-0.1586034893989563,0.22063890099525452,-0.1803033947944641,0.09139180183410645,-0.21765196323394775,0.09493622183799744,-0.28133994340896606,0.0882391631603241,-0.2024538516998291,0.08458516001701355,-0.17136213183403015,0.04553985595703125,-0.22371578216552734,0.05097377300262451,-0.278905987739563,0.051532894372940063,-0.18413490056991577,0.0496688187122345,-0.1682249903678894,0.0017512738704681396,-0.21824276447296143,0.006901919841766357,-0.27039122581481934,0.012638211250305176,-0.18681040406227112,0.011647671461105347,-0.16819417476654053,-0.040657877922058105,-0.20516881346702576,-0.03704842925071716,-0.2541642189025879,-0.024140626192092896,-0.19920694828033447,-0.022139757871627808,-0.1751251518726349,A
0.0,0.0,0.06788632273674011,-0.04007112979888916,0.12623783946037292,-0.10424637794494629,0.17709961533546448,-0.1671425700187683,0.21956565976142883,-0.19255363941192627,0.08994036912918091,-0.22231659293174744,0.0862388014793396,-0.28576934337615967,0.0808035135269165,-0.20951232314109802,0.08174097537994385,-0.17913812398910522,0.043847739696502686,-0.2226569950580597,0.0420495867729187,-0.2788122594356537,0.04451560974121094,-0.18717321753501892,0.048729151487350464,-0.177616149187088,-6.726384162902832e-05,-0.21490171551704407,-0.0004788339138031006,-0.2697387933731079,0.0060257017612457275,-0.19009867310523987,0.009616345167160034,-0.17770317196846008,-0.04165467619895935,-0.19909289479255676,-0.04329290986061096,-0.24376598000526428,-0.031178444623947144,-0.19130879640579224,-0.026214033365249634,-0.17132052779197693,A
0.0,0.0,0.06613299250602722,-0.034810423851013184,0.1229252815246582,-0.10067963600158691,0.1719096302986145,-0.16141873598098755,0.21588271856307983,-0.1857788860797882,0.08799335360527039,-0.22066739201545715,0.08410155773162842,-0.28226131200790405,0.07957184314727783,-0.20468610525131226,0.0796295702457428,-0.17382356524467468,0.04075700044631958,-0.2231104075908661,0.04003092646598816,-0.2772844433784485,0.042978763580322266,-0.18282565474510193,0.04474616050720215,-0.16969305276870728,-0.0037026405334472656,-0.2155735194683075,-0.003823697566986084,-0.2661583721637726,0.0040552616119384766,-0.18485012650489807,0.006783783435821533,-0.16975700855255127,-0.04581993818283081,-0.2012093961238861,-0.04607832431793213,-0.24495312571525574,-0.03320220112800598,-0.1909479796886444,-0.029188185930252075,-0.17027735710144043,A
0.0,0.0,0.06523570418357849,-0.03884553909301758,0.11949452757835388,-0.1032862663269043,0.16871583461761475,-0.16337215900421143,0.21255040168762207,-0.18721961975097656,0.08159276843070984,-0.220683753490448,0.07597842812538147,-0.2830812931060791,0.07394149899482727,-0.20977002382278442,0.07627725601196289,-0.17824137210845947,0.03484693169593811,-0.22195568680763245,0.032726824283599854,-0.27692848443984985,0.03754088282585144,-0.1820676326751709,0.040601372718811035,-0.16968289017677307,-0.008717626333236694,-0.21355539560317993,-0.008710503578186035,-0.2672061622142792,0.0004317760467529297,-0.18509399890899658,0.002841740846633911,-0.16831430792808533,-0.05052393674850464,-0.19811856746673584,-0.0508267879486084,-0.2448606789112091,-0.03688731789588928,-0.19197452068328857,-0.03261291980743408,-0.16970673203468323,A
0.0,0.0,0.06430351734161377,-0.038825392723083496,0.11822149157524109,-0.10554760694503784,0.16592437028884888,-0.16679275035858154,0.2092825174331665,-0.19146540760993958,0.08216825127601624,-0.22429776191711426,0.07505601644515991,-0.28587788343429565,0.07296213507652283,-0.20854955911636353,0.07569736242294312,-0.1778760552406311,0.0352691113948822,-0.22420886158943176,0.03234076499938965,-0.27873408794403076,0.03759533166885376,-0.18458303809165955,0.0414278507232666,-0.172226220369339,-0.008634477853775024,-0.2154253125190735,-0.010343492031097412,-0.2659273147583008,-0.0005479156970977783,-0.1853654980659485,0.0043832361698150635,-0.17117682099342346,-0.050007164478302,-0.1996840536594391,-0.054341256618499756,-0.24602097272872925,-0.039019614458084106,-0.19465100765228271,-0.03152036666870117,-0.17336255311965942,A
0.0,0.0,0.06392508745193481,-0.03888934850692749,0.11722263693809509,-0.10576856136322021,0.16538816690444946,-0.165655255317688,0.2085241675376892,-0.1899159550666809,0.08224931359291077,-0.22441396117210388,0.0736253559589386,-0.286070853471756,0.07175132632255554,-0.20963406562805176,0.07437404990196228,-0.1789199411869049,0.035453081130981445,-0.22373121976852417,0.030860096216201782,-0.278825044631958,0.036789119243621826,-0.1862669587135315,0.04085084795951843,-0.17269915342330933,-0.008491218090057373,-0.21497982740402222,-0.01105847954750061,-0.2660556435585022,-0.000911027193069458,-0.1857110857963562,0.004032492637634277,-0.17007869482040405,-0.049787700176239014,-0.19948405027389526,-0.05396145582199097,-0.2464437186717987,-0.039206624031066895,-0.1949164867401123,-0.032352566719055176,-0.17236408591270447,A
0.0,0.0,0.06469613313674927,-0.036595821380615234,0.11826792359352112,-0.10275918245315552,0.16453179717063904,-0.16351652145385742,0.20868411660194397,-0.18606501817703247,0.07852086424827576,-0.21939045190811157,0.0705065131187439,-0.2814372181892395,0.06807693839073181,-0.2080928087234497,0.07168835401535034,-0.17559456825256348,0.03290438652038574,-0.21948418021202087,0.027720779180526733,-0.2718989849090576,0.03331086039543152,-0.18177270889282227,0.03941449522972107,-0.16904163360595703,-0.010268837213516235,-0.21093207597732544,-0.012899547815322876,-0.2656005322933197,-0.004209041595458984,-0.1871059536933899,0.0004550516605377197,-0.17099255323410034,-0.05202057957649231,-0.1959686279296875,-0.055796295404434204,-0.24300113320350647,-0.04198169708251953,-0.19294708967208862,-0.035863250494003296,-0.17083153128623962,A
0.0,0.0,0.06612485647201538,-0.03522002696990967,0.12236657738685608,-0.1022295355796814,0.16900408267974854,-0.1634872555732727,0.21312344074249268,-0.18476229906082153,0.08139783143997192,-0.21991556882858276,0.07474654912948608,-0.2798468768596649,0.07159930467605591,-0.2052134871482849,0.07456666231155396,-0.1762913167476654,0.03677675127983093,-0.22039750218391418,0.032443851232528687,-0.2717868685722351,0.03750389814376831,-0.18215233087539673,0.04245096445083618,-0.17159783840179443,-0.005353480577468872,-0.21257632970809937,-0.008820444345474243,-0.26666978001594543,-0.0004832148551940918,-0.1872400939464569,0.004193991422653198,-0.1727893054485321,-0.046425193548202515,-0.19856300950050354,-0.05171370506286621,-0.2423379123210907,-0.03825879096984863,-0.19117552042007446,-0.03160905838012695,-0.1708890199661255,A
0.0,0.0,0.06633302569389343,-0.036167800426483154,0.12252265214920044,-0.10243105888366699,0.16977018117904663,-0.163061261177063,0.21448469161987305,-0.18420249223709106,0.08281224966049194,-0.22147193551063538,0.07761043310165405,-0.2815358638763428,0.07346439361572266,-0.2072252631187439,0.07585173845291138,-0.17876777052879333,0.038931041955947876,-0.2233634889125824,0.035775840282440186,-0.2743220627307892,0.03889569640159607,-0.1842319667339325,0.0431002676486969,-0.17428502440452576,-0.003189265727996826,-0.21625328063964844,-0.005811035633087158,-0.2686420977115631,0.0012854933738708496,-0.18935024738311768,0.005304276943206787,-0.1762978434562683,-0.04455798864364624,-0.2028919756412506,-0.049676358699798584,-0.24655410647392273,-0.036839812994003296,-0.19544607400894165,-0.03050360083580017,-0.1759481430053711,A
0.0,0.0,0.06713449954986572,-0.03732341527938843,0.12378686666488647,-0.10317069292068481,0.1721360683441162,-0.1634383201599121,0.21694576740264893,-0.18476736545562744,0.08588996529579163,-0.22112217545509338,0.0817529559135437,-0.28366464376449585,0.0765371024608612,-0.20941144227981567,0.07813423871994019,-0.17777228355407715,0.04246649146080017,-0.22465422749519348,0.04005846381187439,-0.27730894088745117,0.04190659523010254,-0.18715831637382507,0.04601430892944336,-0.17404469847679138,0.0005162656307220459,-0.21859616041183472,-0.0015102922916412354,-0.2722538709640503,0.00443577766418457,-0.192531019449234,0.008283406496047974,-0.17621400952339172,-0.04081237316131592,-0.2057500183582306,-0.04515713453292847,-0.251409649848938,-0.03359687328338623,-0.19877663254737854,-0.02760043740272522,-0.17676013708114624,A
0.0,0.0,0.0686427652835846,-0.03991973400115967,0.12630188465118408,-0.10307508707046509,0.179668128490448,-0.16115236282348633,0.2255142331123352,-0.18211960792541504,0.09118843078613281,-0.21920210123062134,0.09474831819534302,-0.28393810987472534,0.08745992183685303,-0.20720374584197998,0.0849771499633789,-0.17769798636436462,0.046647101640701294,-0.22418183088302612,0.05313819646835327,-0.2779098153114319,0.05117332935333252,-0.18633508682250977,0.049487143754959106,-0.1753617823123932,0.0038910508155822754,-0.21709859371185303,0.011226236820220947,-0.2711443603038788,0.015013545751571655,-0.18905916810035706,0.013820886611938477,-0.17356154322624207,-0.037856221199035645,-0.20262494683265686,-0.03378862142562866,-0.25147202610969543,-0.021191298961639404,-0.19689053297042847,-0.0197485089302063,-0.1754572093486786,A
0.0,0.0,0.06636446714401245,-0.035735368728637695,0.12455707788467407,-0.1009557843208313,0.17507970333099365,-0.15846627950668335,0.220026433467865,-0.18077272176742554,0.09113949537277222,-0.2246214747428894,0.09239345788955688,-0.28381961584091187,0.08670192956924438,-0.20545756816864014,0.083245187997818,-0.1740056574344635,0.04574227333068848,-0.23016327619552612,0.04966720938682556,-0.28190144896507263,0.051532357931137085,-0.1869305968284607,0.05011647939682007,-0.1727162003517151,0.001646190881729126,-0.223673015832901,0.005250006914138794,-0.27274394035339355,0.012475013732910156,-0.1893361210823059,0.011833369731903076,-0.17303895950317383,-0.041356444358825684,-0.2092105746269226,-0.03799566626548767,-0.2555546462535858,-0.024883627891540527,-0.20092856884002686,-0.023234456777572632,-0.17921781539916992,A
0.0,0.0,0.06733360886573792,-0.03914833068847656,0.12533366680145264,-0.10217052698135376,0.17641496658325195,-0.16113412380218506,0.22119969129562378,-0.18314948678016663,0.09190031886100769,-0.2258320450782776,0.09235671162605286,-0.2843722105026245,0.08634468913078308,-0.2057553231716156,0.08382755517959595,-0.1760925054550171,0.045835137367248535,-0.23140645027160645,0.04887324571609497,-0.28241023421287537,0.05068877339363098,-0.18773168325424194,0.050392717123031616,-0.17512023448944092,0.001808464527130127,-0.2247261106967926,0.004488646984100342,-0.2732051610946655,0.011356353759765625,-0.19165313243865967,0.011945784091949463,-0.17683100700378418,-0.03985053300857544,-0.20956867933273315,-0.03896474838256836,-0.2546260952949524,-0.025631248950958252,-0.20160257816314697,-0.022904574871063232,-0.18174201250076294,A
0.0,0.0,0.06727597117424011,-0.041876256465911865,0.12476670742034912,-0.10588109493255615,0.17684364318847656,-0.1691100001335144,0.21962785720825195,-0.19400125741958618,0.08824801445007324,-0.22441014647483826,0.0833171010017395,-0.284579873085022,0.07884135842323303,-0.20921364426612854,0.08071717619895935,-0.1829340159893036,0.042220890522003174,-0.22381660342216492,0.039466261863708496,-0.27841660380363464,0.04237845540046692,-0.18760105967521667,0.046751171350479126,-0.18218371272087097,-0.0016653835773468018,-0.2162795066833496,-0.0018310546875,-0.2695927619934082,0.004818856716156006,-0.19054722785949707,0.008457988500595093,-0.18135544657707214,-0.043535470962524414,-0.20129680633544922,-0.045526862144470215,-0.24406540393829346,-0.033262789249420166,-0.1929786205291748,-0.028250545263290405,-0.1751677393913269,A
0.0,0.0,0.06654250621795654,-0.03679358959197998,0.12318277359008789,-0.10175895690917969,0.17260447144508362,-0.1633167266845703,0.21744707226753235,-0.1879189908504486,0.08756721019744873,-0.2226441502571106,0.08429011702537537,-0.2857166528701782,0.07997763156890869,-0.20726019144058228,0.07962286472320557,-0.1766902208328247,0.04035058617591858,-0.22513878345489502,0.03969520330429077,-0.27889537811279297,0.04334792494773865,-0.18403875827789307,0.04509377479553223,-0.17030704021453857,-0.0036527514457702637,-0.21711671352386475,-0.0038885176181793213,-0.2658618688583374,0.004856973886489868,-0.18423432111740112,0.008398264646530151,-0.16855555772781372,-0.044762223958969116,-0.2018016278743744,-0.04748952388763428,-0.246271014213562,-0.03276568651199341,-0.19288885593414307,-0.026803404092788696,-0.17170393466949463,A
0.0,0.0,0.06419318914413452,-0.03686690330505371,0.12015637755393982,-0.10369974374771118,0.16950687766075134,-0.16474735736846924,0.21365675330162048,-0.18799373507499695,0.08515000343322754,-0.22432902455329895,0.07823783159255981,-0.285392701625824,0.07528632879257202,-0.20786893367767334,0.07673794031143188,-0.17763394117355347,0.038369208574295044,-0.22447600960731506,0.0349334180355072,-0.2786468267440796,0.040225058794021606,-0.18450284004211426,0.043753087520599365,-0.1710958480834961,-0.005595147609710693,-0.21610817313194275,-0.008257001638412476,-0.2663149833679199,0.001117318868637085,-0.18539729714393616,0.005739778280258179,-0.17114055156707764,-0.047227442264556885,-0.2011440396308899,-0.05026125907897949,-0.24605649709701538,-0.036549270153045654,-0.19230151176452637,-0.030747026205062866,-0.17108017206192017,A
0.0,0.0,0.06364652514457703,-0.037668585777282715,0.1191072165966034,-0.10388422012329102,0.1678803563117981,-0.16180789470672607,0.21103239059448242,-0.1850108504295349,0.08335092663764954,-0.2182464599609375,0.07755151391029358,-0.27949967980384827,0.07389289140701294,-0.204944908618927,0.07521498203277588,-0.17409539222717285,0.0391097366809845,-0.21984457969665527,0.035743504762649536,-0.2727319896221161,0.0399661660194397,-0.18293270468711853,0.042877405881881714,-0.16960403323173523,-0.0033110380172729492,-0.21240797638893127,-0.005540013313293457,-0.26543277502059937,0.002417147159576416,-0.1854807734489441,0.0051902830600738525,-0.16862505674362183,-0.04467415809631348,-0.19867554306983948,-0.047748446464538574,-0.2439081370830536,-0.03483733534812927,-0.191128671169281,-0.030270904302597046,-0.16867130994796753,A
0.0,0.0,0.06421217322349548,-0.03726238012313843,0.11995247006416321,-0.10250258445739746,0.1685275137424469,-0.1610431671142578,0.21148338913917542,-0.18347641825675964,0.08257049322128296,-0.21795442700386047,0.07674270868301392,-0.2765428125858307,0.07310023903846741,-0.20297181606292725,0.07435929775238037,-0.17384910583496094,0.03810477256774902,-0.2208181917667389,0.03545260429382324,-0.27399107813835144,0.039354145526885986,-0.18494552373886108,0.041841596364974976,-0.17109909653663635,-0.004241973161697388,-0.21381759643554688,-0.006668299436569214,-0.2656802237033844,0.0011062324047088623,-0.18684113025665283,0.0038415193557739258,-0.17013660073280334,-0.045089393854141235,-0.19995182752609253,-0.0491984486579895,-0.2449900507926941,-0.03635597229003906,-0.1934235692024231,-0.03085470199584961,-0.17173868417739868,A
0.0,0.0,0.06548067927360535,-0.03518611192703247,0.122444748878479,-0.1001778244972229,0.1728237271308899,-0.15762221813201904,0.2163030505180359,-0.1804729700088501,0.08686423301696777,-0.2162511944770813,0.08958420157432556,-0.27460557222366333,0.0836808979511261,-0.20165085792541504,0.08042782545089722,-0.16865116357803345,0.043750494718551636,-0.22182419896125793,0.047984182834625244,-0.2754670977592468,0.04770231246948242,-0.18513637781143188,0.0453399121761322,-0.17003819346427917,0.0010168850421905518,-0.2157575488090515,0.0050421953201293945,-0.2677081823348999,0.009980946779251099,-0.18576166033744812,0.00740581750869751,-0.1684354543685913,-0.04244786500930786,-0.20152714848518372,-0.03926879167556763,-0.24802663922309875,-0.026237785816192627,-0.19455739855766296,-0.02425563335418701,-0.1727358102798462,A
0.0,0.0,0.06493672728538513,-0.033931732177734375,0.1214832067489624,-0.09945636987686157,0.1704784631729126,-0.15565580129623413,0.21314740180969238,-0.17695048451423645,0.08624231815338135,-0.21612679958343506,0.08643841743469238,-0.27650102972984314,0.08077362179756165,-0.20134440064430237,0.07822981476783752,-0.16988593339920044,0.042393893003463745,-0.22123336791992188,0.04579302668571472,-0.27520260214805603,0.04671198129653931,-0.18311023712158203,0.04493996500968933,-0.16698795557022095,-0.00036978721618652344,-0.21489989757537842,0.0029216408729553223,-0.26711851358413696,0.008608490228652954,-0.1851423978805542,0.006882071495056152,-0.1668480932712555,-0.042572617530822754,-0.20113778114318848,-0.0394439697265625,-0.24950775504112244,-0.02827596664428711,-0.1951906681060791,-0.02735769748687744,-0.1721942126750946,A
0.0,0.0,0.06732571125030518,-0.037389397621154785,0.12505659461021423,-0.10129249095916748,0.17459246516227722,-0.1569870114326477,0.21643343567848206,-0.17817822098731995,0.08882275223731995,-0.21685123443603516,0.09206965565681458,-0.2781963050365448,0.08485803008079529,-0.20337128639221191,0.08174732327461243,-0.17173734307289124,0.045838385820388794,-0.22330844402313232,0.05096396803855896,-0.27473190426826477,0.049168556928634644,-0.18517428636550903,0.04743337631225586,-0.17080140113830566,0.0037730634212493896,-0.21728715300559998,0.010403275489807129,-0.2691464424133301,0.013846665620803833,-0.18918761610984802,0.011389225721359253,-0.1710606813430786,-0.038022249937057495,-0.2029421031475067,-0.03379786014556885,-0.25106731057167053,-0.022403240203857422,-0.19881585240364075,-0.02120763063430786,-0.1759885847568512,A
0.0,0.0,0.0656568706035614,-0.03564959764480591,0.12374407052993774,-0.10120916366577148,0.17336589097976685,-0.15533572435379028,0.21536469459533691,-0.17489495873451233,0.08818501234054565,-0.21697711944580078,0.0907014012336731,-0.2776604890823364,0.08431589603424072,-0.20201101899147034,0.08098793029785156,-0.16999897360801697,0.04440626502037048,-0.2230471968650818,0.050434261560440063,-0.27682244777679443,0.050251394510269165,-0.18492546677589417,0.04701492190361023,-0.16854706406593323,0.0011598467826843262,-0.21719130873680115,0.006827175617218018,-0.2697605788707733,0.011557966470718384,-0.18795165419578552,0.007800400257110596,-0.1701996624469757,-0.04189756512641907,-0.2035697102546692,-0.03528463840484619,-0.25117772817611694,-0.025116026401519775,-0.19674000144004822,-0.02709907293319702,-0.1750166416168213,A
0.0,0.0,0.06576603651046753,-0.03671962022781372,0.12439265847206116,-0.10092777013778687,0.17477920651435852,-0.1551995873451233,0.2168848216533661,-0.17547237873077393,0.08909878134727478,-0.21851646900177002,0.09179416298866272,-0.2794268727302551,0.0855843722820282,-0.20331227779388428,0.08257147669792175,-0.1725921630859375,0.045229971408843994,-0.2243485450744629,0.05128276348114014,-0.2779082953929901,0.05150142312049866,-0.1863495409488678,0.04863917827606201,-0.1714487075805664,0.0017714500427246094,-0.21794292330741882,0.008049100637435913,-0.2707025110721588,0.013348758220672607,-0.189121812582016,0.010120362043380737,-0.17189258337020874,-0.04145744442939758,-0.20375362038612366,-0.03541645407676697,-0.2517254054546356,-0.024088889360427856,-0.19917896389961243,-0.024997681379318237,-0.17831069231033325,A
0.0,0.0,0.06568855047225952,-0.03552514314651489,0.12430447340011597,-0.09974837303161621,0.17424094676971436,-0.15484005212783813,0.2168179750442505,-0.17539629340171814,0.08926630020141602,-0.21808108687400818,0.09284162521362305,-0.2803260385990143,0.08735024929046631,-0.20490792393684387,0.08334696292877197,-0.1718388795852661,0.045264244079589844,-0.2243664562702179,0.050747036933898926,-0.2784942388534546,0.052128612995147705,-0.18697473406791687,0.0495169460773468,-0.17060241103172302,0.0018388032913208008,-0.21776917576789856,0.007456988096237183,-0.2704441547393799,0.013829857110977173,-0.18905934691429138,0.010800033807754517,-0.16996115446090698,-0.04158055782318115,-0.20318618416786194,-0.03625473380088806,-0.251966267824173,-0.02418377995491028,-0.2002456784248352,-0.024065613746643066,-0.1785043179988861,A
0.0,0.0,0.06774047017097473,-0.03773081302642822,0.12779030203819275,-0.10323244333267212,0.1794472634792328,-0.1575450897216797,0.22225412726402283,-0.1776241958141327,0.09225103259086609,-0.21991223096847534,0.09690847992897034,-0.2814621925354004,0.08870062232017517,-0.20329177379608154,0.08529660105705261,-0.17493724822998047,0.04827579855918884,-0.22659635543823242,0.05642274022102356,-0.279858261346817,0.05468842387199402,-0.1878661811351776,0.050914913415908813,-0.1752806007862091,0.004870980978012085,-0.2212824523448944,0.01271870732307434,-0.27543219923973083,0.016306698322296143,-0.1921357810497284,0.012578427791595459,-0.17623063921928406,-0.037738800048828125,-0.20795771479606628,-0.0303155779838562,-0.2554468512535095,-0.018972724676132202,-0.19939804077148438,-0.021011829376220703,-0.17825570702552795,A
0.0,0.0,0.0690973699092865,-0.039237022399902344,0.1296229362487793,-0.10138481855392456,0.18152719736099243,-0.15595543384552002,0.22473782300949097,-0.1764473021030426,0.0955924391746521,-0.21984878182411194,0.10101836919784546,-0.28151702880859375,0.09364157915115356,-0.2041744589805603,0.08930200338363647,-0.17418625950813293,0.050432056188583374,-0.22764718532562256,0.0574662983417511,-0.2808406949043274,0.057498812675476074,-0.18823593854904175,0.05465686321258545,-0.17326563596725464,0.006632715463638306,-0.2218347191810608,0.013080328702926636,-0.2725813090801239,0.018619269132614136,-0.1899430751800537,0.016379207372665405,-0.17199856042861938,-0.035923004150390625,-0.20735955238342285,-0.031354665756225586,-0.25433945655822754,-0.018358707427978516,-0.20025300979614258,-0.01827070116996765,-0.1797267198562622,A
0.0,0.0,0.07011279463768005,-0.03999912738800049,0.12877383828163147,-0.10027039051055908,0.18022164702415466,-0.15657097101211548,0.22333845496177673,-0.17792856693267822,0.09324941039085388,-0.21756917238235474,0.0974559485912323,-0.28253352642059326,0.09123256802558899,-0.20621639490127563,0.08869233727455139,-0.1760249137878418,0.04797440767288208,-0.22320392727851868,0.05369657278060913,-0.2779102623462677,0.05319821834564209,-0.18333011865615845,0.05062034726142883,-0.17121922969818115,0.004074692726135254,-0.21788132190704346,0.01142933964729309,-0.270929753780365,0.015535145998001099,-0.18804848194122314,0.012273997068405151,-0.1722978949546814,-0.03957629203796387,-0.20428133010864258,-0.03361836075782776,-0.2529703676700592,-0.022165030241012573,-0.19948333501815796,-0.023116618394851685,-0.17808252573013306,A
0.0,0.0,0.0694684088230133,-0.03818619251251221,0.13043996691703796,-0.10329443216323853,0.18205615878105164,-0.16064852476119995,0.22569498419761658,-0.18082430958747864,0.09432253241539001,-0.22222864627838135,0.09722170233726501,-0.28560712933540344,0.09037497639656067,-0.20561674237251282,0.08742421865463257,-0.17439407110214233,0.04860126972198486,-0.2280234396457672,0.0530799925327301,-0.28315263986587524,0.053534477949142456,-0.188224196434021,0.05199286341667175,-0.17198103666305542,0.004338115453720093,-0.2220202088356018,0.009113162755966187,-0.27380815148353577,0.014644116163253784,-0.1904487907886505,0.013477236032485962,-0.1726459264755249,-0.03854489326477051,-0.2080027163028717,-0.03318589925765991,-0.2560299336910248,-0.021257251501083374,-0.2004566788673401,-0.021313607692718506,-0.17794102430343628,A
0.0,0.0,0.070222407579422,-0.04031556844711304,0.13100653886795044,-0.10323631763458252,0.18329781293869019,-0.16033709049224854,0.2269642949104309,-0.18142801523208618,0.09586083889007568,-0.22371259331703186,0.09880721569061279,-0.2866714596748352,0.09101700782775879,-0.20682746171951294,0.08892881870269775,-0.1764393448829651,0.04989716410636902,-0.23014557361602783,0.05413427948951721,-0.28470948338508606,0.05381089448928833,-0.1897711157798767,0.05373615026473999,-0.17390799522399902,0.00543251633644104,-0.22417277097702026,0.009842991828918457,-0.27409493923187256,0.014539718627929688,-0.1912459135055542,0.014982670545578003,-0.1739654541015625,-0.03689071536064148,-0.20994719862937927,-0.0329340398311615,-0.25615718960762024,-0.02140820026397705,-0.20060324668884277,-0.02050420641899109,-0.1789717674255371,A
0.0,0.0,0.0714087188243866,-0.042274296283721924,0.13270196318626404,-0.10289710760116577,0.18575236201286316,-0.16199040412902832,0.2300700843334198,-0.1836795210838318,0.09450477361679077,-0.22362694144248962,0.09319239854812622,-0.2868753671646118,0.08730629086494446,-0.21007508039474487,0.0880812406539917,-0.1837344765663147,0.04817277193069458,-0.22714990377426147,0.04892665147781372,-0.2803473472595215,0.04931101202964783,-0.1858488917350769,0.05024746060371399,-0.17771458625793457,0.0036961138248443604,-0.22067677974700928,0.006343275308609009,-0.2709388732910156,0.011205613613128662,-0.18864446878433228,0.011257857084274292,-0.17650777101516724,-0.040210872888565063,-0.20658528804779053,-0.03967598080635071,-0.25022512674331665,-0.027214854955673218,-0.19616934657096863,-0.024895817041397095,-0.1771339774131775,A
0.0,0.0,0.06976386904716492,-0.039749741554260254,0.13161632418632507,-0.1046251654624939,0.1844322383403778,-0.1636139154434204,0.22902217507362366,-0.18626588582992554,0.09555268287658691,-0.22899532318115234,0.09487190842628479,-0.29119038581848145,0.08815246820449829,-0.2106003761291504,0.08775237202644348,-0.18281012773513794,0.04683414101600647,-0.23294660449028015,0.049805253744125366,-0.2868829667568207,0.05042734742164612,-0.19001400470733643,0.050393491983413696,-0.17950046062469482,0.000658571720123291,-0.22633275389671326,0.004146993160247803,-0.2760326564311981,0.01005527377128601,-0.19204223155975342,0.011286258697509766,-0.17906910181045532,-0.04218301177024841,-0.21202611923217773,-0.039996176958084106,-0.2555689811706543,-0.02712792158126831,-0.19989463686943054,-0.02472209930419922,-0.1809207797050476,A
0.0,0.0,0.0693100094795227,-0.03936612606048584,0.13074728846549988,-0.10627037286758423,0.1828196942806244,-0.16705983877182007,0.2279324233531952,-0.18885749578475952,0.09314289689064026,-0.2286515235900879,0.09132808446884155,-0.2919616997241974,0.08559969067573547,-0.21087896823883057,0.08508020639419556,-0.18158584833145142,0.04462596774101257,-0.23139730095863342,0.04575493931770325,-0.2867347300052643,0.04777485132217407,-0.1895277500152588,0.048472076654434204,-0.17858624458312988,-0.001290649175643921,-0.22445356845855713,0.0008182227611541748,-0.2764722406864166,0.007600635290145874,-0.19218212366104126,0.00912928581237793,-0.17883646488189697,-0.04461681842803955,-0.2102031409740448,-0.04290187358856201,-0.25539088249206543,-0.029952138662338257,-0.19952628016471863,-0.027105063199996948,-0.17939919233322144,A
0.0,0.0,0.06857600808143616,-0.04759460687637329,0.12713304162025452,-0.11096686124801636,0.17948967218399048,-0.17434847354888916,0.22295856475830078,-0.19962763786315918,0.0889585018157959,-0.2313348352909088,0.08404940366744995,-0.29541540145874023,0.08091974258422852,-0.21741682291030884,0.08493134379386902,-0.1934148669242859,0.041319191455841064,-0.23025202751159668,0.03955894708633423,-0.2827112376689911,0.04253986477851868,-0.1871398687362671,0.04682648181915283,-0.18574434518814087,-0.0038300156593322754,-0.2225465178489685,-0.0031724274158477783,-0.2737598121166229,0.004357755184173584,-0.19011521339416504,0.008486717939376831,-0.1819593906402588,-0.047287583351135254,-0.20736277103424072,-0.04926234483718872,-0.2490851879119873,-0.03467702865600586,-0.19532763957977295,-0.030424803495407104,-0.17791366577148438,A
0.0,0.0,0.06741929054260254,-0.04332101345062256,0.12445500493049622,-0.1088220477104187,0.17585355043411255,-0.17117834091186523,0.2208559513092041,-0.19515246152877808,0.08587196469306946,-0.2296232283115387,0.07933241128921509,-0.29409849643707275,0.07754328846931458,-0.21597576141357422,0.08107495307922363,-0.18818652629852295,0.037324607372283936,-0.22863391041755676,0.03488460183143616,-0.2825215458869934,0.03990182280540466,-0.18456107378005981,0.0438326895236969,-0.1795717477798462,-0.007902681827545166,-0.2204209566116333,-0.007821440696716309,-0.2731102705001831,0.0017552673816680908,-0.18883836269378662,0.005962073802947998,-0.17923909425735474,-0.051334500312805176,-0.20484089851379395,-0.053986966609954834,-0.25064074993133545,-0.038218557834625244,-0.19648200273513794,-0.03200864791870117,-0.17574059963226318,A
0.0,0.0,0.06576457619667053,-0.042727768421173096,0.1229763925075531,-0.11106741428375244,0.1730232536792755,-0.17316287755966187,0.2183411419391632,-0.19691574573516846,0.0863511860370636,-0.23390787839889526,0.07703861594200134,-0.297087162733078,0.0744011402130127,-0.2159169316291809,0.07938054203987122,-0.19044840335845947,0.03806787729263306,-0.23269274830818176,0.033152252435684204,-0.2863917946815491,0.03818613290786743,-0.19003504514694214,0.04356345534324646,-0.18462997674942017,-0.007121145725250244,-0.2235446274280548,-0.010726004838943481,-0.2736717760562897,-0.0011035501956939697,-0.19009411334991455,0.006107360124588013,-0.1821286678314209,-0.049410343170166016,-0.20753389596939087,-0.05516180396080017,-0.2513079047203064,-0.040003806352615356,-0.19683098793029785,-0.03189787268638611,-0.17786425352096558,A
0.0,0.0,0.06468039751052856,-0.041801512241363525,0.12090009450912476,-0.11065572500228882,0.17150971293449402,-0.172421395778656,0.21605852246284485,-0.19612371921539307,0.08584585785865784,-0.2323589324951172,0.07632598280906677,-0.2928013205528259,0.07384133338928223,-0.21357962489128113,0.07783010601997375,-0.18819302320480347,0.0378212034702301,-0.23153182864189148,0.0326022207736969,-0.2845032513141632,0.0384698212146759,-0.1894964575767517,0.04367142915725708,-0.18264228105545044,-0.006931096315383911,-0.22262728214263916,-0.011545896530151367,-0.2725200355052948,-0.0012281537055969238,-0.18988293409347534,0.006112456321716309,-0.18108534812927246,-0.04851961135864258,-0.20659375190734863,-0.055159419775009155,-0.2508217692375183,-0.040411561727523804,-0.1971036195755005,-0.03242594003677368,-0.17818772792816162,A
0.0,0.0,0.06434589624404907,-0.0404813289642334,0.11941120028495789,-0.10963916778564453,0.16944348812103271,-0.17097049951553345,0.21365463733673096,-0.19517475366592407,0.08400708436965942,-0.2307955026626587,0.07540583610534668,-0.29434460401535034,0.07287749648094177,-0.21596989035606384,0.07570406794548035,-0.18713665008544922,0.03705251216888428,-0.23040616512298584,0.03159499168395996,-0.28472626209259033,0.03763130307197571,-0.18972063064575195,0.04262906312942505,-0.18040412664413452,-0.00711473822593689,-0.22180727124214172,-0.011945098638534546,-0.27493640780448914,-0.0014621913433074951,-0.19126510620117188,0.005190640687942505,-0.17921394109725952,-0.048710644245147705,-0.20600569248199463,-0.05499657988548279,-0.25227227807044983,-0.04070720076560974,-0.19778865575790405,-0.033412039279937744,-0.17728710174560547,A
0.0,0.0,0.06355035305023193,-0.03733748197555542,0.11871910095214844,-0.10386860370635986,0.16862571239471436,-0.16267049312591553,0.21274417638778687,-0.18595927953720093,0.08460548520088196,-0.2229025959968567,0.07673299312591553,-0.2865188419818878,0.07360035181045532,-0.21125712990760803,0.07546582818031311,-0.1817624568939209,0.03910830616950989,-0.22317802906036377,0.0338914692401886,-0.2781493663787842,0.03919681906700134,-0.18607604503631592,0.04344654083251953,-0.17610400915145874,-0.004136919975280762,-0.21500703692436218,-0.008295536041259766,-0.2703336477279663,0.00080147385597229,-0.18805694580078125,0.0058019161224365234,-0.17375826835632324,-0.04594874382019043,-0.20042333006858826,-0.05235940217971802,-0.24806296825408936,-0.03851112723350525,-0.194999098777771,-0.03110143542289734,-0.1737833023071289,A
0.0,0.0,0.06340104341506958,-0.03517574071884155,0.119122713804245,-0.10011374950408936,0.16919556260108948,-0.15766125917434692,0.21372464299201965,-0.17995023727416992,0.08596086502075195,-0.21923434734344482,0.07779893279075623,-0.2819502353668213,0.07340207695960999,-0.20833304524421692,0.07600623369216919,-0.17786461114883423,0.04057469964027405,-0.21978920698165894,0.03458750247955322,-0.27455949783325195,0.038612157106399536,-0.18300557136535645,0.04428815841674805,-0.17168015241622925,-0.002327531576156616,-0.21238043904304504,-0.007323741912841797,-0.2649978697299957,0.0008731484413146973,-0.18462318181991577,0.0071593523025512695,-0.17094004154205322,-0.043642908334732056,-0.19907906651496887,-0.05069509148597717,-0.24561619758605957,-0.037577539682388306,-0.19357332587242126,-0.029723405838012695,-0.17238759994506836,A
0.0,0.0,0.06431618332862854,-0.03549933433532715,0.12070414423942566,-0.09987133741378784,0.17046993970870972,-0.15540683269500732,0.21429377794265747,-0.17606407403945923,0.08601981401443481,-0.2165818214416504,0.07937103509902954,-0.28001976013183594,0.07480227947235107,-0.2055172622203827,0.0764869749546051,-0.1736413836479187,0.040807753801345825,-0.21811792254447937,0.03583407402038574,-0.272164911031723,0.03945344686508179,-0.18168950080871582,0.04390108585357666,-0.16789060831069946,-0.001940608024597168,-0.21093517541885376,-0.005295604467391968,-0.2642761170864105,0.002158433198928833,-0.1838265359401703,0.006782054901123047,-0.1665341854095459,-0.043084681034088135,-0.1972452700138092,-0.04881340265274048,-0.24487796425819397,-0.035970330238342285,-0.19305038452148438,-0.02906578779220581,-0.17003220319747925,A
0.0,0.0,0.06624409556388855,-0.03410935401916504,0.12328901886940002,-0.09601348638534546,0.17448613047599792,-0.14969664812088013,0.21831467747688293,-0.16810640692710876,0.08723965287208557,-0.20914170145988464,0.08513614535331726,-0.27342310547828674,0.07966533303260803,-0.20192024111747742,0.08104169368743896,-0.1731586456298828,0.04327431321144104,-0.21221789717674255,0.043786466121673584,-0.26832544803619385,0.04346165060997009,-0.1791340410709381,0.04498648643493652,-0.16707879304885864,0.0007322430610656738,-0.20636659860610962,0.0023209452629089355,-0.2594616413116455,0.007116973400115967,-0.17990580201148987,0.00824078917503357,-0.16558241844177246,-0.0411568284034729,-0.19417178630828857,-0.040985554456710815,-0.24073514342308044,-0.029323220252990723,-0.18829426169395447,-0.026285678148269653,-0.16650521755218506,A
0.0,0.0,0.06485971808433533,-0.03137785196304321,0.12209951877593994,-0.09399324655532837,0.17269110679626465,-0.14728426933288574,0.21604645252227783,-0.166092187166214,0.08879739046096802,-0.21128535270690918,0.08492660522460938,-0.2725061774253845,0.07977017760276794,-0.19864073395729065,0.07956498861312866,-0.16663232445716858,0.04425102472305298,-0.21495118737220764,0.04261845350265503,-0.26844891905784607,0.04520276188850403,-0.17795032262802124,0.04713931679725647,-0.1623486876487732,0.001630336046218872,-0.2090238332748413,8.323788642883301e-05,-0.25904491543769836,0.007149487733840942,-0.17843568325042725,0.009818434715270996,-0.1615270972251892,-0.03965526819229126,-0.19652485847473145,-0.04175442457199097,-0.24060720205307007,-0.0293007493019104,-0.1867716908454895,-0.024224698543548584,-0.16481974720954895,A
0.0,0.0,0.06469947099685669,-0.03220033645629883,0.12213537096977234,-0.09459280967712402,0.1726183295249939,-0.14727288484573364,0.2159537672996521,-0.16609811782836914,0.09018516540527344,-0.21180453896522522,0.08578282594680786,-0.2719791829586029,0.08021938800811768,-0.19871127605438232,0.08034837245941162,-0.16739585995674133,0.04579833149909973,-0.2157866358757019,0.04440787434577942,-0.267508864402771,0.04638412594795227,-0.17814868688583374,0.04865989089012146,-0.16446784138679504,0.003080517053604126,-0.21025708317756653,0.002015143632888794,-0.2601320147514343,0.008337408304214478,-0.1795828938484192,0.010989606380462646,-0.16347050666809082,-0.03836137056350708,-0.19782498478889465,-0.0399249792098999,-0.24178004264831543,-0.028299719095230103,-0.18696224689483643,-0.02375715970993042,-0.16454941034317017,A
0.0,0.0,0.06596729159355164,-0.034225285053253174,0.12333953380584717,-0.09380292892456055,0.1745968461036682,-0.1449962854385376,0.21628177165985107,-0.16327032446861267,0.08968964219093323,-0.20490384101867676,0.09139487147331238,-0.2692131996154785,0.08430200815200806,-0.19668594002723694,0.08290177583694458,-0.16776877641677856,0.047065556049346924,-0.20941805839538574,0.05133756995201111,-0.2627532184123993,0.048941075801849365,-0.17507639527320862,0.04765355587005615,-0.1629488468170166,0.005584627389907837,-0.20457106828689575,0.011177599430084229,-0.25775212049484253,0.014071881771087646,-0.17804166674613953,0.012535512447357178,-0.1623002588748932,-0.03554496169090271,-0.19289728999137878,-0.03234797716140747,-0.24090057611465454,-0.021069318056106567,-0.18812650442123413,-0.0200977623462677,-0.16548112034797668,A
0.0,0.0,0.06369602680206299,-0.03213763236999512,0.12054741382598877,-0.09114611148834229,0.17066431045532227,-0.14275431632995605,0.21248865127563477,-0.16056394577026367,0.09023010730743408,-0.20713591575622559,0.08927357196807861,-0.2673504948616028,0.08365893363952637,-0.1950240135192871,0.08143043518066406,-0.16166463494300842,0.047162026166915894,-0.21290627121925354,0.04878830909729004,-0.26566004753112793,0.04961186647415161,-0.17618295550346375,0.04941520094871521,-0.15859809517860413,0.0050247907638549805,-0.20826584100723267,0.006857395172119141,-0.25774043798446655,0.012552201747894287,-0.17776989936828613,0.012592911720275879,-0.158057302236557,-0.03648567199707031,-0.19641909003257751,-0.03462672233581543,-0.24321064352989197,-0.023357540369033813,-0.18968945741653442,-0.020915061235427856,-0.1655525267124176,A
0.0,0.0,0.06377199292182922,-0.03255152702331543,0.12092229723930359,-0.09259885549545288,0.17067411541938782,-0.14393967390060425,0.21286526322364807,-0.16132596135139465,0.09009325504302979,-0.20635008811950684,0.0893455445766449,-0.26680904626846313,0.08294215798377991,-0.1943964660167694,0.08095693588256836,-0.16298732161521912,0.04748275876045227,-0.21246248483657837,0.049916476011276245,-0.2646845579147339,0.049845099449157715,-0.17613011598587036,0.04922732710838318,-0.15985825657844543,0.0055525898933410645,-0.20805734395980835,0.008043915033340454,-0.2568630576133728,0.012913018465042114,-0.17756402492523193,0.012627750635147095,-0.1590539515018463,-0.035906314849853516,-0.19676098227500916,-0.03303620219230652,-0.24218225479125977,-0.02227756381034851,-0.18850088119506836,-0.020394891500473022,-0.1649039089679718,A
0.0,0.0,0.06626108288764954,-0.03456377983093262,0.12308937311172485,-0.09506678581237793,0.17407715320587158,-0.14637765288352966,0.21706527471542358,-0.16375985741615295,0.09032988548278809,-0.2056845724582672,0.09404271841049194,-0.26647108793258667,0.08666205406188965,-0.19383010268211365,0.08414945006370544,-0.1673768162727356,0.04752412438392639,-0.21136075258255005,0.0540618896484375,-0.2618980407714844,0.05113235116004944,-0.17471098899841309,0.04856178164482117,-0.16468071937561035,0.0059092044830322266,-0.20620858669281006,0.013664335012435913,-0.2543729245662689,0.015975266695022583,-0.17633453011512756,0.01331716775894165,-0.16356658935546875,-0.03491336107254028,-0.1940387785434723,-0.029540061950683594,-0.23977679014205933,-0.01884615421295166,-0.18752023577690125,-0.019035518169403076,-0.16663870215415955,A
0.0,0.0,0.06348010897636414,-0.03449815511703491,0.12075984477996826,-0.09638500213623047,0.17124658823013306,-0.14881682395935059,0.21308737993240356,-0.1669529676437378,0.08872717618942261,-0.21157103776931763,0.08909910917282104,-0.2705949544906616,0.08388984203338623,-0.19640788435935974,0.08120769262313843,-0.1650943160057068,0.04516369104385376,-0.21714812517166138,0.0487503707408905,-0.26808178424835205,0.05012539029121399,-0.177981436252594,0.048297345638275146,-0.16286030411720276,0.00281369686126709,-0.21128562092781067,0.006624758243560791,-0.25935453176498413,0.012791156768798828,-0.179202139377594,0.011126667261123657,-0.16164395213127136,-0.03877800703048706,-0.19773989915847778,-0.03552043437957764,-0.2428370714187622,-0.023847520351409912,-0.19026848673820496,-0.023492753505706787,-0.16944760084152222,A
0.0,0.0,0.06523123383522034,-0.03702080249786377,0.1223193109035492,-0.09860855340957642,0.17338988184928894,-0.1539602279663086,0.21709594130516052,-0.17033123970031738,0.08509191870689392,-0.2149234414100647,0.08434447646141052,-0.27945175766944885,0.08026817440986633,-0.20662638545036316,0.07942226529121399,-0.17481812834739685,0.04088711738586426,-0.2180611491203308,0.04256558418273926,-0.27128809690475464,0.04435461759567261,-0.18102383613586426,0.04488074779510498,-0.17185050249099731,-0.0010853707790374756,-0.21088096499443054,0.0021534860134124756,-0.2636341452598572,0.009114235639572144,-0.18528997898101807,0.008792787790298462,-0.17236214876174927,-0.04232668876647949,-0.19613692164421082,-0.042263180017471313,-0.2435951828956604,-0.02761244773864746,-0.19318652153015137,-0.024636954069137573,-0.17251503467559814,A
0.0,0.0,0.06564044952392578,-0.03773784637451172,0.12380290031433105,-0.10181170701980591,0.1744745969772339,-0.1562020182609558,0.217687726020813,-0.17159056663513184,0.08542889356613159,-0.21956086158752441,0.08521205186843872,-0.2803384065628052,0.08066648244857788,-0.20348602533340454,0.07918119430541992,-0.1749727427959442,0.041216880083084106,-0.22260162234306335,0.04444950819015503,-0.2754405438899994,0.04776126146316528,-0.1840793490409851,0.04633033275604248,-0.17310062050819397,-0.0016866028308868408,-0.21460449695587158,0.001870483160018921,-0.26668936014175415,0.009433895349502563,-0.18523165583610535,0.007561862468719482,-0.17061874270439148,-0.0440288782119751,-0.19961506128311157,-0.04164251685142517,-0.2460135817527771,-0.02789926528930664,-0.19355279207229614,-0.027249902486801147,-0.17379045486450195,A
0.0,0.0,0.06628713011741638,-0.037254393100738525,0.12500199675559998,-0.10107392072677612,0.1752549707889557,-0.15498512983322144,0.21850547194480896,-0.1702553927898407,0.08670350909233093,-0.22103571891784668,0.08649840950965881,-0.2815190255641937,0.08181938529014587,-0.2035101354122162,0.08047732710838318,-0.17576894164085388,0.042165905237197876,-0.22417879104614258,0.045215904712677,-0.2760411500930786,0.04803159832954407,-0.18450185656547546,0.04664558172225952,-0.17441758513450623,-0.0010474026203155518,-0.2162686288356781,0.0025873184204101562,-0.2680775821208954,0.009584486484527588,-0.1866629719734192,0.008261680603027344,-0.17311245203018188,-0.04331663250923157,-0.20130068063735962,-0.0399402379989624,-0.2455652356147766,-0.027115046977996826,-0.19266846776008606,-0.026562660932540894,-0.17421263456344604,A
0.0,0.0,0.0686502456665039,-0.03529560565948486,0.1281716227531433,-0.09841394424438477,0.1801113486289978,-0.14982390403747559,0.22528904676437378,-0.16353920102119446,0.08853673934936523,-0.21400386095046997,0.09715229272842407,-0.2819511592388153,0.0906381607055664,-0.20315244793891907,0.08566641807556152,-0.17237761616706848,0.04429769515991211,-0.2185034155845642,0.05446416139602661,-0.27406203746795654,0.053246140480041504,-0.18163594603538513,0.04830300807952881,-0.17150676250457764,0.001034557819366455,-0.21219170093536377,0.012372821569442749,-0.2671669125556946,0.017383188009262085,-0.18539169430732727,0.012759655714035034,-0.17182454466819763,-0.04187726974487305,-0.19790229201316833,-0.03318756818771362,-0.24829673767089844,-0.019387364387512207,-0.19488587975502014,-0.0203932523727417,-0.17254334688186646,A
0.0,0.0,0.06787657737731934,-0.03440392017364502,0.12758105993270874,-0.10034781694412231,0.1787494421005249,-0.15285331010818481,0.22337740659713745,-0.16750529408454895,0.08978921175003052,-0.2186180055141449,0.09574741125106812,-0.28218841552734375,0.0891561508178711,-0.20378315448760986,0.08411061763763428,-0.17340591549873352,0.04531008005142212,-0.22365757822990417,0.053520917892456055,-0.2776527404785156,0.054311394691467285,-0.1835666000843048,0.04936128854751587,-0.16978636384010315,0.0014175176620483398,-0.21709540486335754,0.00982847809791565,-0.2687886357307434,0.01570841670036316,-0.1848987340927124,0.010625690221786499,-0.1691734492778778,-0.042536377906799316,-0.20330384373664856,-0.03339219093322754,-0.25144052505493164,-0.02119523286819458,-0.19700118899345398,-0.024026572704315186,-0.17604658007621765,A
0.0,0.0,0.06931084394454956,-0.03382211923599243,0.12977588176727295,-0.09936386346817017,0.1807611584663391,-0.151586651802063,0.22543561458587646,-0.16517531871795654,0.09225118160247803,-0.21443802118301392,0.09938299655914307,-0.2810162603855133,0.09168392419815063,-0.20238536596298218,0.08754515647888184,-0.17275574803352356,0.048404157161712646,-0.2205570638179779,0.05859577655792236,-0.27703067660331726,0.056955933570861816,-0.18327340483665466,0.051842570304870605,-0.16970700025558472,0.004715919494628906,-0.21534016728401184,0.014567077159881592,-0.2719966173171997,0.018260598182678223,-0.18728798627853394,0.01304277777671814,-0.1708870828151703,-0.03932911157608032,-0.20311930775642395,-0.029539644718170166,-0.2523299753665924,-0.017711400985717773,-0.1952235996723175,-0.020356684923171997,-0.17322388291358948,A
0.0,0.0,0.06936118006706238,-0.03565943241119385,0.13073882460594177,-0.09747093915939331,0.18390950560569763,-0.14914298057556152,0.22987917065620422,-0.16362297534942627,0.09486576914787292,-0.21611157059669495,0.10387608408927917,-0.2810301184654236,0.09629890322685242,-0.2030332386493683,0.09052005410194397,-0.17147207260131836,0.050275951623916626,-0.22331368923187256,0.06070104241371155,-0.2775757908821106,0.05968323349952698,-0.18369141221046448,0.05441591143608093,-0.168473482131958,0.00661352276802063,-0.21784350275993347,0.01689782738685608,-0.2705252766609192,0.021216243505477905,-0.1866133213043213,0.016122967004776,-0.16912633180618286,-0.037086546421051025,-0.20440134406089783,-0.027218282222747803,-0.25313273072242737,-0.01531517505645752,-0.1983354687690735,-0.01803252100944519,-0.1772569715976715,A
0.0,0.0,0.07361942529678345,-0.034556806087493896,0.13725733757019043,-0.09443426132202148,0.19018793106079102,-0.14384859800338745,0.2336774468421936,-0.15488773584365845,0.1014472246170044,-0.20840781927108765,0.10933429002761841,-0.27671483159065247,0.10103029012680054,-0.2021923065185547,0.0959060788154602,-0.1692635416984558,0.057715535163879395,-0.21618792414665222,0.06573724746704102,-0.2731711268424988,0.06198287010192871,-0.17927047610282898,0.05682021379470825,-0.16212749481201172,0.014373183250427246,-0.21379739046096802,0.023126721382141113,-0.27037322521209717,0.023589283227920532,-0.18554779887199402,0.017366528511047363,-0.1647028923034668,-0.030036062002182007,-0.20407399535179138,-0.02183505892753601,-0.2533547878265381,-0.013470560312271118,-0.1966533660888672,-0.016159653663635254,-0.17222797870635986,A
0.0,0.0,0.0723608136177063,-0.03138953447341919,0.13718688488006592,-0.09592592716217041,0.18990302085876465,-0.14834868907928467,0.2337222695350647,-0.1600218415260315,0.09953230619430542,-0.21197974681854248,0.10967063903808594,-0.2801678776741028,0.10038101673126221,-0.20438432693481445,0.09453320503234863,-0.17182201147079468,0.05499541759490967,-0.2199447751045227,0.06474342942237854,-0.2796022891998291,0.06052026152610779,-0.1856648027896881,0.055053144693374634,-0.1683827042579651,0.010881900787353516,-0.21666502952575684,0.02074572443962097,-0.27264419198036194,0.021715253591537476,-0.18894317746162415,0.015567153692245483,-0.17033153772354126,-0.03454101085662842,-0.20630764961242676,-0.02502232789993286,-0.25679877400398254,-0.015927553176879883,-0.20170074701309204,-0.019000232219696045,-0.1790933609008789,A
0.0,0.0,0.0703386664390564,-0.032760798931121826,0.13425493240356445,-0.09731435775756836,0.18774878978729248,-0.15013468265533447,0.23275727033615112,-0.1631450057029724,0.09756433963775635,-0.21548184752464294,0.10565048456192017,-0.2834249436855316,0.09717130661010742,-0.20640450716018677,0.0930401086807251,-0.17459255456924438,0.052273303270339966,-0.22248682379722595,0.06094670295715332,-0.28058022260665894,0.05738058686256409,-0.1848732829093933,0.05298885703086853,-0.17074120044708252,0.007841229438781738,-0.21902593970298767,0.016741514205932617,-0.27290382981300354,0.018486469984054565,-0.18899738788604736,0.013551890850067139,-0.17361629009246826,-0.037214040756225586,-0.2087864875793457,-0.0289648175239563,-0.25753355026245117,-0.01922053098678589,-0.2024257481098175,-0.02139449119567871,-0.18111586570739746,A
0.0,0.0,0.07051751017570496,-0.03474557399749756,0.13525357842445374,-0.09735435247421265,0.1912747323513031,-0.1537284255027771,0.23529621958732605,-0.1721324324607849,0.0990627110004425,-0.21545463800430298,0.10120680928230286,-0.282227098941803,0.09232538938522339,-0.20347273349761963,0.09008052945137024,-0.17135834693908691,0.053311437368392944,-0.22058096528053284,0.05587473511695862,-0.28038594126701355,0.054207682609558105,-0.1864681839942932,0.05447700619697571,-0.17178207635879517,0.008907049894332886,-0.21575814485549927,0.011368125677108765,-0.27128076553344727,0.01467028260231018,-0.18824368715286255,0.015223294496536255,-0.17176294326782227,-0.03510746359825134,-0.20331856608390808,-0.03492996096611023,-0.2506917119026184,-0.024019598960876465,-0.1962636113166809,-0.019659698009490967,-0.17399287223815918,A
0.0,0.0,0.07034334540367126,-0.03504669666290283,0.13439726829528809,-0.09929525852203369,0.18791604042053223,-0.15574151277542114,0.2334921956062317,-0.17248398065567017,0.09936732053756714,-0.2213924527168274,0.1010708212852478,-0.2893054485321045,0.09268754720687866,-0.20888417959213257,0.09107902646064758,-0.17926722764968872,0.0508381724357605,-0.22587671875953674,0.055371880531311035,-0.28436124324798584,0.05349412560462952,-0.18652313947677612,0.05266273021697998,-0.17736393213272095,0.004864513874053955,-0.22101107239723206,0.010224133729934692,-0.27474600076675415,0.014150798320770264,-0.18904131650924683,0.013921797275543213,-0.17734766006469727,-0.03982219099998474,-0.20936277508735657,-0.03576663136482239,-0.2549123764038086,-0.02392369508743286,-0.19929534196853638,-0.022580057382583618,-0.18010413646697998,A
0.0,0.0,0.0711081326007843,-0.041304588317871094,0.13226568698883057,-0.1009032130241394,0.18789446353912354,-0.16005569696426392,0.23531919717788696,-0.17853641510009766,0.09686428308486938,-0.22690996527671814,0.0945090651512146,-0.29312166571617126,0.08923459053039551,-0.21594393253326416,0.09046614170074463,-0.1867247223854065,0.04915893077850342,-0.22908952832221985,0.04968741536140442,-0.28442642092704773,0.0502224862575531,-0.18671196699142456,0.05270916223526001,-0.18066340684890747,0.003561079502105713,-0.22332599759101868,0.006286829710006714,-0.27580323815345764,0.0122452974319458,-0.19066345691680908,0.014080286026000977,-0.1800190806388855,-0.04136401414871216,-0.20955175161361694,-0.04081568121910095,-0.25420305132865906,-0.026606857776641846,-0.19822204113006592,-0.02338951826095581,-0.1789783239364624,A
0.0,0.0,0.06934759020805359,-0.037688374519348145,0.1312570571899414,-0.10093510150909424,0.18625617027282715,-0.15780651569366455,0.23337364196777344,-0.17741459608078003,0.09915870428085327,-0.2303415834903717,0.0968095064163208,-0.293113112449646,0.08946883678436279,-0.21087130904197693,0.08893972635269165,-0.1817857027053833,0.04943093657493591,-0.23348599672317505,0.050584226846694946,-0.2885558009147644,0.05131888389587402,-0.19054871797561646,0.052953124046325684,-0.17859727144241333,0.0021172165870666504,-0.22687390446662903,0.004946887493133545,-0.275858074426651,0.011413097381591797,-0.1909102201461792,0.014770418405532837,-0.17795473337173462,-0.041776299476623535,-0.21210449934005737,-0.03952553868293762,-0.2560986876487732,-0.026272475719451904,-0.1990324854850769,-0.022946149110794067,-0.17910093069076538,A
0.0,0.0,0.0686524510383606,-0.04010426998138428,0.13067057728767395,-0.1023826003074646,0.18612509965896606,-0.15891695022583008,0.23296868801116943,-0.1794567108154297,0.0981699526309967,-0.23250651359558105,0.09573397040367126,-0.29521316289901733,0.08915451169013977,-0.21267199516296387,0.08963993191719055,-0.1861928105354309,0.04826897382736206,-0.23518246412277222,0.05014157295227051,-0.29011070728302,0.05130043625831604,-0.1925467848777771,0.05253034830093384,-0.1837976574897766,0.0005249977111816406,-0.2278890609741211,0.004504740238189697,-0.27705448865890503,0.011434048414230347,-0.19257092475891113,0.014678031206130981,-0.18121862411499023,-0.04328569769859314,-0.21231049299240112,-0.04050523042678833,-0.2571214437484741,-0.026264458894729614,-0.20081788301467896,-0.023216694593429565,-0.18136340379714966,A
0.0,0.0,0.06791645288467407,-0.03805810213088989,0.12767842411994934,-0.10142284631729126,0.18213817477226257,-0.1607092022895813,0.23073890805244446,-0.18137705326080322,0.09623298048973083,-0.23034846782684326,0.09126806259155273,-0.2970346212387085,0.08620902895927429,-0.215986967086792,0.08831369876861572,-0.18894720077514648,0.045421719551086426,-0.2308889925479889,0.04553329944610596,-0.28919345140457153,0.046882063150405884,-0.18856430053710938,0.04878637194633484,-0.18511569499969482,-0.0018797814846038818,-0.22405412793159485,0.0006627738475799561,-0.2778848111629486,0.007702529430389404,-0.1916733980178833,0.01047709584236145,-0.1840612292289734,-0.04660317301750183,-0.21061664819717407,-0.04620712995529175,-0.25662484765052795,-0.031407177448272705,-0.2010502815246582,-0.02695786952972412,-0.1820850968360901,A
0.0,0.0,0.06685864925384521,-0.04058617353439331,0.12646761536598206,-0.10520040988922119,0.18082857131958008,-0.16174304485321045,0.22731739282608032,-0.18253958225250244,0.09449830651283264,-0.23429110646247864,0.08985251188278198,-0.2969585657119751,0.08452534675598145,-0.21460884809494019,0.08540371060371399,-0.18817096948623657,0.045457690954208374,-0.23614081740379333,0.044776737689971924,-0.29003679752349854,0.04786330461502075,-0.19300127029418945,0.049796104431152344,-0.1855824589729309,-0.0011352896690368652,-0.22834375500679016,-0.00037980079650878906,-0.2797020673751831,0.00812453031539917,-0.193669855594635,0.01192784309387207,-0.18201559782028198,-0.04449906945228577,-0.21229010820388794,-0.04539111256599426,-0.2589605748653412,-0.030797362327575684,-0.20271515846252441,-0.02666577696800232,-0.18252581357955933,A
0.0,0.0,0.0681658387184143,-0.04122722148895264,0.12626704573631287,-0.10285830497741699,0.17994409799575806,-0.16182583570480347,0.2266644835472107,-0.18149840831756592,0.09685441851615906,-0.22919142246246338,0.08920660614967346,-0.2946513295173645,0.08451035618782043,-0.21453797817230225,0.08909055590629578,-0.18880212306976318,0.047882139682769775,-0.22914934158325195,0.04532289505004883,-0.28384897112846375,0.04724085330963135,-0.18807214498519897,0.052923232316970825,-0.18384122848510742,0.0015877485275268555,-0.2215026319026947,0.0004937350749969482,-0.27341538667678833,0.007592111825942993,-0.1893969178199768,0.016015350818634033,-0.17881113290786743,-0.04078248143196106,-0.20657962560653687,-0.04543626308441162,-0.25228017568588257,-0.03165033459663391,-0.19732308387756348,-0.023630201816558838,-0.17671877145767212,A
0.0,0.0,0.06636485457420349,-0.03721660375595093,0.12499144673347473,-0.10119754076004028,0.1780482530593872,-0.15823370218276978,0.22463715076446533,-0.17766618728637695,0.09614747762680054,-0.22746258974075317,0.08575418591499329,-0.2914791405200958,0.08065256476402283,-0.21187853813171387,0.08638578653335571,-0.18399065732955933,0.0472906231880188,-0.22797712683677673,0.04164096713066101,-0.2833806574344635,0.043016642332077026,-0.18725383281707764,0.050025761127471924,-0.17955738306045532,0.0014195144176483154,-0.22190722823143005,-0.0022675693035125732,-0.2707613408565521,0.004409283399581909,-0.18791651725769043,0.013161003589630127,-0.1790826916694641,-0.04200470447540283,-0.20958015322685242,-0.04781365394592285,-0.2527208626270294,-0.03504425287246704,-0.19750738143920898,-0.026519358158111572,-0.17739421129226685,A
0.0,0.0,0.06722274422645569,-0.03578019142150879,0.12603822350502014,-0.0999498963356018,0.17883655428886414,-0.15778136253356934,0.2255767285823822,-0.1778513789176941,0.0960472822189331,-0.2256547212600708,0.08488580584526062,-0.29102465510368347,0.07979238033294678,-0.21057367324829102,0.08627009391784668,-0.1837632656097412,0.047330230474472046,-0.22502583265304565,0.04111751914024353,-0.28221064805984497,0.04272124171257019,-0.1855868697166443,0.05050414800643921,-0.17879104614257812,0.001695394515991211,-0.21865946054458618,-0.002159982919692993,-0.2690567970275879,0.004516631364822388,-0.18550336360931396,0.014191806316375732,-0.17722177505493164,-0.041290462017059326,-0.20661482214927673,-0.04713013768196106,-0.24950534105300903,-0.03449884057044983,-0.19310319423675537,-0.025622010231018066,-0.17303478717803955,A
0.0,0.0,0.06423184275627136,-0.037479400634765625,0.11857742071151733,-0.10576426982879639,0.17023104429244995,-0.16219240427017212,0.21503055095672607,-0.17848408222198486,0.08279988169670105,-0.22020453214645386,0.07543724775314331,-0.28610527515411377,0.07056525349617004,-0.21112236380577087,0.0739908218383789,-0.1826983094215393,0.036006152629852295,-0.21974563598632812,0.0317550003528595,-0.2739819288253784,0.0347709059715271,-0.1817956566810608,0.039929717779159546,-0.17195934057235718,-0.007868379354476929,-0.21164348721504211,-0.011897563934326172,-0.26264336705207825,-0.0034712553024291992,-0.182101309299469,0.00341150164604187,-0.1704654097557068,-0.04872739315032959,-0.19686514139175415,-0.0558013916015625,-0.24358797073364258,-0.04192066192626953,-0.19210994243621826,-0.03440096974372864,-0.17094874382019043,A
0.0,0.0,0.06292277574539185,-0.036244094371795654,0.1163274347782135,-0.10154354572296143,0.16529452800750732,-0.1566869616508484,0.20950746536254883,-0.17561128735542297,0.08119112253189087,-0.2212282121181488,0.07290926575660706,-0.28266629576683044,0.06981176137924194,-0.20750755071640015,0.07278060913085938,-0.18013936281204224,0.03613218665122986,-0.22038176655769348,0.02959197759628296,-0.2736416161060333,0.034926027059555054,-0.18248826265335083,0.04065972566604614,-0.1741582751274109,-0.006217747926712036,-0.21153193712234497,-0.012152403593063354,-0.2627214193344116,-0.002657860517501831,-0.1826927363872528,0.004602015018463135,-0.1718578338623047,-0.04658442735671997,-0.19665473699569702,-0.054466068744659424,-0.23984795808792114,-0.04025280475616455,-0.18830260634422302,-0.03172624111175537,-0.1692218780517578,A
0.0,0.0,0.06282058358192444,-0.03632074594497681,0.11614388227462769,-0.09834939241409302,0.16483697295188904,-0.15365707874298096,0.20866689085960388,-0.17293065786361694,0.08317258954048157,-0.2175004482269287,0.0733618438243866,-0.27893564105033875,0.07056742906570435,-0.2057769000530243,0.07438015937805176,-0.17551013827323914,0.03821760416030884,-0.21756431460380554,0.031108438968658447,-0.27121129631996155,0.03600648045539856,-0.18085435032844543,0.04258275032043457,-0.16864025592803955,-0.003730684518814087,-0.20919793844223022,-0.009783118963241577,-0.2607910931110382,-0.0008525252342224121,-0.18157613277435303,0.006858855485916138,-0.16680002212524414,-0.043519437313079834,-0.1941453218460083,-0.052614033222198486,-0.23808616399765015,-0.038458794355392456,-0.18781808018684387,-0.02849927544593811,-0.16726085543632507,A
0.0,0.0,0.06077682971954346,-0.037271320819854736,0.1122906506061554,-0.09879422187805176,0.16098931431770325,-0.15397554636001587,0.20364615321159363,-0.17384123802185059,0.07906526327133179,-0.2139502763748169,0.06980425119400024,-0.27627208828926086,0.06619954109191895,-0.2057132124900818,0.06948733329772949,-0.17509371042251587,0.03534373641014099,-0.21466517448425293,0.02842193841934204,-0.2694800794124603,0.032634884119033813,-0.18228131532669067,0.03810608386993408,-0.16554707288742065,-0.006431132555007935,-0.20558035373687744,-0.010665565729141235,-0.2578827738761902,-0.0013371407985687256,-0.18008902668952942,0.004741072654724121,-0.1605226993560791,-0.0461677610874176,-0.18875843286514282,-0.05165943503379822,-0.2341298758983612,-0.03786873817443848,-0.185158371925354,-0.030390560626983643,-0.16307473182678223,A
0.0,0.0,0.05995103716850281,-0.037556469440460205,0.11080008745193481,-0.09745526313781738,0.15804117918014526,-0.15042492747306824,0.19960391521453857,-0.1704774796962738,0.07683968544006348,-0.2110665738582611,0.06754347681999207,-0.2739380896091461,0.06640625,-0.20444822311401367,0.06947225332260132,-0.1716896891593933,0.03342545032501221,-0.2113514542579651,0.026345431804656982,-0.26597797870635986,0.03223234415054321,-0.1793093979358673,0.03709784150123596,-0.16038882732391357,-0.007026851177215576,-0.2019767165184021,-0.011944681406021118,-0.2540602684020996,-0.0018194913864135742,-0.17703771591186523,0.0033572614192962646,-0.15458211302757263,-0.045338600873947144,-0.185248464345932,-0.05314910411834717,-0.23209184408187866,-0.038074493408203125,-0.18362832069396973,-0.029356718063354492,-0.15883615612983704,A
0.0,0.0,0.05913099646568298,-0.03669017553329468,0.11044415831565857,-0.09791803359985352,0.15656360983848572,-0.1505735218524933,0.19721779227256775,-0.16973870992660522,0.0747423768043518,-0.20925313234329224,0.06671968102455139,-0.2702135741710663,0.06462621688842773,-0.20145979523658752,0.0671360194683075,-0.17095723748207092,0.03213691711425781,-0.20963358879089355,0.025746643543243408,-0.26110807061195374,0.03172731399536133,-0.17704957723617554,0.03596106171607971,-0.16244575381278992,-0.0076608359813690186,-0.20068171620368958,-0.012854397296905518,-0.25183019042015076,-0.002658367156982422,-0.17632758617401123,0.0022602081298828125,-0.15772461891174316,-0.04592055082321167,-0.18529853224754333,-0.0530112087726593,-0.22862598299980164,-0.037779778242111206,-0.17895185947418213,-0.029307037591934204,-0.15616175532341003,A
0.0,0.0,0.058413803577423096,-0.041375815868377686,0.10920649766921997,-0.09848946332931519,0.157229483127594,-0.14998933672904968,0.19673562049865723,-0.1695031225681305,0.07389634847640991,-0.20425945520401,0.06694525480270386,-0.2598142623901367,0.06537914276123047,-0.193202406167984,0.0707499086856842,-0.17289024591445923,0.03244951367378235,-0.20287328958511353,0.029438287019729614,-0.24864166975021362,0.033161014318466187,-0.16805744171142578,0.03781023621559143,-0.1642652451992035,-0.005805075168609619,-0.19342032074928284,-0.00806581974029541,-0.23975247144699097,8.7738037109375e-05,-0.16936364769935608,0.006083458662033081,-0.16028600931167603,-0.04192325472831726,-0.17911699414253235,-0.048130035400390625,-0.21875926852226257,-0.03391343355178833,-0.1735803484916687,-0.026414722204208374,-0.1558953821659088,A
0.0,0.0,0.05708754062652588,-0.0371890664100647,0.10628893971443176,-0.09395062923431396,0.1518261730670929,-0.14439424872398376,0.19077685475349426,-0.16355299949645996,0.07359206676483154,-0.19940555095672607,0.06617611646652222,-0.2564646601676941,0.0641259253025055,-0.1895114779472351,0.06705093383789062,-0.16250193119049072,0.032994598150253296,-0.19899147748947144,0.0279788076877594,-0.2473829686641693,0.03321996331214905,-0.16657239198684692,0.03791844844818115,-0.1568569540977478,-0.005076587200164795,-0.19088214635849,-0.009445130825042725,-0.23889970779418945,-0.0005504488945007324,-0.16740188002586365,0.004860728979110718,-0.1532139778137207,-0.041613608598709106,-0.17726081609725952,-0.047996699810028076,-0.21701940894126892,-0.03417396545410156,-0.17069023847579956,-0.026583313941955566,-0.15066459774971008,A
0.0,0.0,0.056061893701553345,-0.037925004959106445,0.10596996545791626,-0.09417080879211426,0.15136367082595825,-0.1442403495311737,0.18992561101913452,-0.162848562002182,0.07260027527809143,-0.19993290305137634,0.06612256169319153,-0.25472769141197205,0.0644325315952301,-0.18736064434051514,0.06714022159576416,-0.16278165578842163,0.03262460231781006,-0.19973936676979065,0.029024183750152588,-0.24662595987319946,0.034283846616744995,-0.16607007384300232,0.03800398111343384,-0.15796953439712524,-0.004897952079772949,-0.19117236137390137,-0.00830492377281189,-0.23734915256500244,0.001180201768875122,-0.16603988409042358,0.0062223076820373535,-0.15273377299308777,-0.04091459512710571,-0.17656955122947693,-0.0475841760635376,-0.215833842754364,-0.032494962215423584,-0.1704336404800415,-0.024840861558914185,-0.1510017216205597,A
0.0,0.0,0.05745503306388855,-0.039878249168395996,0.10565599799156189,-0.09237009286880493,0.151326984167099,-0.14027810096740723,0.1890489161014557,-0.15760046243667603,0.07382670044898987,-0.19387826323509216,0.068930983543396,-0.25161033868789673,0.06623420119285583,-0.18605995178222656,0.06886041164398193,-0.15920346975326538,0.03451308608055115,-0.19445139169692993,0.03298863768577576,-0.24162280559539795,0.035653144121170044,-0.16314589977264404,0.03946945071220398,-0.15322065353393555,-0.002405136823654175,-0.18578442931175232,-0.0022629201412200928,-0.23385271430015564,0.004593640565872192,-0.16463884711265564,0.008609563112258911,-0.14913609623908997,-0.03734293580055237,-0.17063987255096436,-0.041070401668548584,-0.21349403262138367,-0.027856528759002686,-0.1691165566444397,-0.022839516401290894,-0.1489991545677185,A
0.0,0.0,0.05629971623420715,-0.03733491897583008,0.10482770204544067,-0.0895034670829773,0.14960426092147827,-0.1378217339515686,0.18709242343902588,-0.1569431722164154,0.07386690378189087,-0.19486865401268005,0.0689372718334198,-0.25074467062950134,0.06732580065727234,-0.18445822596549988,0.0685991644859314,-0.15634378790855408,0.03408721089363098,-0.19581127166748047,0.03231647610664368,-0.2436096966266632,0.03713250160217285,-0.16283223032951355,0.039560288190841675,-0.14943763613700867,-0.003034532070159912,-0.18748247623443604,-0.00390779972076416,-0.23222613334655762,0.004556417465209961,-0.16177338361740112,0.008020401000976562,-0.14524972438812256,-0.03764036297798157,-0.1721985936164856,-0.04138907790184021,-0.21326133608818054,-0.028142154216766357,-0.16603946685791016,-0.023144036531448364,-0.14606383442878723,A
0.0,0.0,0.05556008219718933,-0.03635990619659424,0.10343977808952332,-0.08746606111526489,0.14778366684913635,-0.13513913750648499,0.18523743748664856,-0.1537517011165619,0.07358524203300476,-0.1915542185306549,0.06723394989967346,-0.24733427166938782,0.06582242250442505,-0.18173068761825562,0.06816655397415161,-0.15387731790542603,0.03380754590034485,-0.19187712669372559,0.031054705381393433,-0.2400418519973755,0.0357496440410614,-0.16047513484954834,0.03904154896736145,-0.147123783826828,-0.003359884023666382,-0.18363440036773682,-0.004551410675048828,-0.22815334796905518,0.0036906898021698,-0.15900877118110657,0.008000284433364868,-0.14287808537483215,-0.038034588098526,-0.16860690712928772,-0.04160618782043457,-0.2096571922302246,-0.028642237186431885,-0.16330555081367493,-0.02324095368385315,-0.14288294315338135,A
0.0,0.0,0.05513933300971985,-0.0353696346282959,0.10294020175933838,-0.0866895318031311,0.14682716131210327,-0.13403606414794922,0.18428176641464233,-0.15225541591644287,0.07329165935516357,-0.18966537714004517,0.06647193431854248,-0.24540239572525024,0.06510713696479797,-0.18076100945472717,0.06737807393074036,-0.15236914157867432,0.033656030893325806,-0.19011622667312622,0.030300885438919067,-0.2388048768043518,0.03501945734024048,-0.15939998626708984,0.038234174251556396,-0.14493587613105774,-0.003433316946029663,-0.18207457661628723,-0.005105882883071899,-0.227044016122818,0.0030625462532043457,-0.1577284336090088,0.007070332765579224,-0.14051035046577454,-0.038381874561309814,-0.16757220029830933,-0.04141199588775635,-0.20842954516410828,-0.029156416654586792,-0.16130748391151428,-0.02399665117263794,-0.14034098386764526,A
0.0,0.0,0.05553251504898071,-0.03645479679107666,0.10343414545059204,-0.08638101816177368,0.14753198623657227,-0.13355770707130432,0.1847800612449646,-0.15146875381469727,0.07308530807495117,-0.18997615575790405,0.06698203086853027,-0.24507838487625122,0.06557506322860718,-0.17999744415283203,0.0677940845489502,-0.1522698700428009,0.033464640378952026,-0.1905573308467865,0.03096175193786621,-0.23816266655921936,0.03547826409339905,-0.15865349769592285,0.038643449544906616,-0.14462310075759888,-0.0035140514373779297,-0.18247798085212708,-0.004395037889480591,-0.22624638676643372,0.003486037254333496,-0.15689823031425476,0.007672727108001709,-0.13983076810836792,-0.03792032599449158,-0.16783198714256287,-0.04095497727394104,-0.20842555165290833,-0.028451919555664062,-0.1611560881137848,-0.02338564395904541,-0.14069342613220215,A
0.0,0.0,0.05623680353164673,-0.03517484664916992,0.10543051362037659,-0.08571827411651611,0.14988574385643005,-0.13490325212478638,0.18853488564491272,-0.15260863304138184,0.07509914040565491,-0.19168752431869507,0.06993213295936584,-0.24890375137329102,0.06714731454849243,-0.18328070640563965,0.06884416937828064,-0.15390875935554504,0.035759299993515015,-0.19274109601974487,0.03285989165306091,-0.2436656355857849,0.03658628463745117,-0.1628725826740265,0.0401952862739563,-0.14605799317359924,-0.0017305314540863037,-0.18513602018356323,-0.0027776360511779785,-0.23294851183891296,0.004279136657714844,-0.16253894567489624,0.00823599100112915,-0.14302146434783936,-0.037019282579422,-0.17061755061149597,-0.03955534100532532,-0.21477806568145752,-0.02750912308692932,-0.16714519262313843,-0.021973133087158203,-0.14449313282966614,A
0.0,0.0,0.05692228674888611,-0.03656339645385742,0.10716187953948975,-0.08757507801055908,0.1523265838623047,-0.13647052645683289,0.19021457433700562,-0.15426936745643616,0.07652303576469421,-0.19446921348571777,0.07097119092941284,-0.25114890933036804,0.06862661242485046,-0.18422812223434448,0.07028469443321228,-0.1553562879562378,0.03643059730529785,-0.19546371698379517,0.033972084522247314,-0.24493050575256348,0.03800669312477112,-0.16361230611801147,0.04086345434188843,-0.1484510600566864,-0.0012866556644439697,-0.18762743473052979,-0.002126246690750122,-0.23370692133903503,0.005234450101852417,-0.16328531503677368,0.00881350040435791,-0.14551320672035217,-0.036119669675827026,-0.17274433374404907,-0.03884762525558472,-0.21500730514526367,-0.0269145667552948,-0.16743573546409607,-0.02232271432876587,-0.14698168635368347,A
0.0,0.0,0.057781875133514404,-0.03926593065261841,0.10768440365791321,-0.09021371603012085,0.1536441147327423,-0.13969269394874573,0.1921093761920929,-0.15900471806526184,0.07786315679550171,-0.19778066873550415,0.07283225655555725,-0.25471147894859314,0.07034763693809509,-0.1876094937324524,0.07215902209281921,-0.157976895570755,0.037488698959350586,-0.19951173663139343,0.0355091392993927,-0.24920278787612915,0.0392434298992157,-0.16674241423606873,0.042158275842666626,-0.1501246690750122,-0.0010118186473846436,-0.19125354290008545,-0.0012716948986053467,-0.23818612098693848,0.005739539861679077,-0.16692093014717102,0.009656310081481934,-0.14652758836746216,-0.03556075692176819,-0.17505532503128052,-0.038681596517562866,-0.2190675139427185,-0.026181697845458984,-0.1702578067779541,-0.021113604307174683,-0.14879852533340454,A
0.0,0.0,0.06123572587966919,-0.033017635345458984,0.11403194069862366,-0.0885767936706543,0.16173198819160461,-0.14102548360824585,0.20161601901054382,-0.16296273469924927,0.0851534903049469,-0.19314050674438477,0.08139678835868835,-0.2566108703613281,0.07509902119636536,-0.19115126132965088,0.07456955313682556,-0.15277767181396484,0.04345652461051941,-0.1975078582763672,0.04100733995437622,-0.25502318143844604,0.04167371988296509,-0.17151537537574768,0.043914467096328735,-0.14369764924049377,0.003550499677658081,-0.19278517365455627,0.0030822455883026123,-0.2496086061000824,0.0077390968799591064,-0.17284998297691345,0.009896904230117798,-0.141412615776062,-0.0345129668712616,-0.1801885962486267,-0.03676643967628479,-0.23213928937911987,-0.025751620531082153,-0.18020159006118774,-0.019803225994110107,-0.14979341626167297,A
0.0,0.0,0.061905235052108765,-0.03351622819900513,0.11499780416488647,-0.09083527326583862,0.16355842351913452,-0.14321139454841614,0.2047741413116455,-0.16351237893104553,0.08700841665267944,-0.1981351673603058,0.0823894739151001,-0.26394420862197876,0.0777941346168518,-0.19758284091949463,0.07717069983482361,-0.15868011116981506,0.04494476318359375,-0.2027275264263153,0.042552292346954346,-0.2625831961631775,0.04350483417510986,-0.17768341302871704,0.045384764671325684,-0.15051379799842834,0.004460722208023071,-0.19783276319503784,0.003777116537094116,-0.25439757108688354,0.008899122476577759,-0.17760121822357178,0.010823667049407959,-0.1472834050655365,-0.034222185611724854,-0.18531474471092224,-0.035471946001052856,-0.23845452070236206,-0.02488604187965393,-0.1863807737827301,-0.019894927740097046,-0.15620261430740356,A
0.0,0.0,0.06325572729110718,-0.031320810317993164,0.1178770363330841,-0.09242427349090576,0.16669532656669617,-0.14529913663864136,0.20800897479057312,-0.16571971774101257,0.08837524056434631,-0.2009771466255188,0.08492234349250793,-0.2668009102344513,0.07927483320236206,-0.19938570261001587,0.07785141468048096,-0.15954062342643738,0.045592159032821655,-0.20626869797706604,0.043700963258743286,-0.2666412591934204,0.04400038719177246,-0.18048474192619324,0.04593214392662048,-0.15198123455047607,0.004559695720672607,-0.20160463452339172,0.003805875778198242,-0.2580747604370117,0.008820295333862305,-0.17994502186775208,0.0108431875705719,-0.14927423000335693,-0.034915149211883545,-0.189538836479187,-0.035454362630844116,-0.24189415574073792,-0.025306910276412964,-0.18836301565170288,-0.020452827215194702,-0.15729615092277527,A
0.0,0.0,0.06578853726387024,-0.03040897846221924,0.12396079301834106,-0.09528994560241699,0.17526113986968994,-0.1580614447593689,0.2200879454612732,-0.18148618936538696,0.0914006233215332,-0.21260106563568115,0.08902952075004578,-0.27903369069099426,0.08201432228088379,-0.20620831847190857,0.08051231503486633,-0.16736453771591187,0.046553075313568115,-0.21803030371665955,0.04468458890914917,-0.27672079205513,0.045341938734054565,-0.18256953358650208,0.047839611768722534,-0.15953999757766724,0.0032345354557037354,-0.21332231163978577,0.0017763078212738037,-0.26875460147857666,0.0073414146900177,-0.1839446723461151,0.00956958532333374,-0.1588398814201355,-0.038720786571502686,-0.19955888390541077,-0.041730403900146484,-0.2489754855632782,-0.02903926372528076,-0.19145914912223816,-0.02299901843070984,-0.16521644592285156,A
0.0,0.0,0.06757158041000366,-0.03585553169250488,0.12622854113578796,-0.10107511281967163,0.17753463983535767,-0.1615375280380249,0.2219862937927246,-0.1832912564277649,0.09388202428817749,-0.2197202742099762,0.08884367346763611,-0.288199245929718,0.08339235186576843,-0.2135615348815918,0.0830235481262207,-0.17525506019592285,0.04766422510147095,-0.2231292724609375,0.04470020532608032,-0.2846446633338928,0.046828776597976685,-0.19063204526901245,0.04980558156967163,-0.1675824522972107,0.0034262239933013916,-0.21693211793899536,0.0020201802253723145,-0.27589550614356995,0.008677154779434204,-0.1910688877105713,0.01170775294303894,-0.16391408443450928,-0.03931009769439697,-0.20300480723381042,-0.04077601432800293,-0.2555149793624878,-0.028224200010299683,-0.19779306650161743,-0.02205747365951538,-0.168925940990448,A
0.0,0.0,0.06848680973052979,-0.033741652965545654,0.12753525376319885,-0.10361284017562866,0.18132948875427246,-0.1689721941947937,0.22707504034042358,-0.19717293977737427,0.09279587864875793,-0.2247461974620819,0.09015011787414551,-0.2930310070514679,0.08344873785972595,-0.21569854021072388,0.08215820789337158,-0.17581403255462646,0.044906020164489746,-0.22871211171150208,0.04403740167617798,-0.2884857654571533,0.045616984367370605,-0.19000113010406494,0.04741942882537842,-0.168951153755188,-0.0013820827007293701,-0.22237592935562134,-0.0009827911853790283,-0.27910667657852173,0.006177663803100586,-0.1903383731842041,0.007302135229110718,-0.1669725775718689,-0.04747211933135986,-0.20713770389556885,-0.046715736389160156,-0.2565614581108093,-0.032296597957611084,-0.19775110483169556,-0.028006017208099365,-0.17256957292556763,A
0.0,0.0,0.06861227750778198,-0.04235959053039551,0.1278485655784607,-0.10860258340835571,0.18116968870162964,-0.17238348722457886,0.22713947296142578,-0.2009446620941162,0.09533807635307312,-0.23342156410217285,0.09194454550743103,-0.3014180660247803,0.0863426923751831,-0.22178423404693604,0.08489468693733215,-0.1869373917579651,0.046329885721206665,-0.23691579699516296,0.04616221785545349,-0.297477126121521,0.04908141493797302,-0.19811409711837769,0.050512611865997314,-0.18025648593902588,-0.0009386539459228516,-0.22913670539855957,0.001602858304977417,-0.28686049580574036,0.009767025709152222,-0.1983080506324768,0.011459439992904663,-0.17646759748458862,-0.04645198583602905,-0.21200227737426758,-0.04548829793930054,-0.2655903697013855,-0.029997050762176514,-0.20681464672088623,-0.025188028812408447,-0.18112802505493164,A
0.0,0.0,0.06826785206794739,-0.04359954595565796,0.12678208947181702,-0.11265647411346436,0.18118950724601746,-0.17596209049224854,0.22765424847602844,-0.20411688089370728,0.0950792133808136,-0.23535019159317017,0.09107705950737,-0.304457426071167,0.08579441905021667,-0.2246806025505066,0.08499255776405334,-0.19200140237808228,0.04633161425590515,-0.23867017030715942,0.04652789235115051,-0.2985473573207855,0.04970291256904602,-0.19976866245269775,0.05117368698120117,-0.18659454584121704,-0.000595778226852417,-0.23091953992843628,0.001413881778717041,-0.28909921646118164,0.010214805603027344,-0.200076162815094,0.012475162744522095,-0.18052315711975098,-0.04612800478935242,-0.21469807624816895,-0.04635682702064514,-0.26735353469848633,-0.031424373388290405,-0.20824921131134033,-0.027192920446395874,-0.18364876508712769,A
0.0,0.0,0.06817975640296936,-0.03978055715560913,0.12845328450202942,-0.10990458726882935,0.18401139974594116,-0.17188453674316406,0.23287475109100342,-0.19848984479904175,0.09674867987632751,-0.2306814193725586,0.09217599034309387,-0.2968434989452362,0.08547434210777283,-0.21612125635147095,0.08655604720115662,-0.1888536810874939,0.04832342267036438,-0.23308223485946655,0.04617869853973389,-0.2879210412502289,0.04795601963996887,-0.1925809383392334,0.05195465683937073,-0.18722140789031982,0.002093493938446045,-0.2269197702407837,0.002396196126937866,-0.2840135991573334,0.00850781798362732,-0.19689476490020752,0.01302078366279602,-0.18395400047302246,-0.04243919253349304,-0.2143208384513855,-0.04465419054031372,-0.2604663670063019,-0.03088858723640442,-0.20278823375701904,-0.02500838041305542,-0.1801466941833496,A
0.0,0.0,0.06613624095916748,-0.03930884599685669,0.12719857692718506,-0.1116403341293335,0.18340915441513062,-0.1737689971923828,0.23225998878479004,-0.19901251792907715,0.09451115131378174,-0.2353677749633789,0.08984073996543884,-0.2977164685726166,0.08485490083694458,-0.21503472328186035,0.08589696884155273,-0.19131147861480713,0.04518991708755493,-0.23762914538383484,0.04413977265357971,-0.2891078591346741,0.047322630882263184,-0.19183450937271118,0.04952356219291687,-0.1916060447692871,-0.001833885908126831,-0.23124927282333374,-0.002004563808441162,-0.28101205825805664,0.006115347146987915,-0.19485479593276978,0.010433852672576904,-0.1894383430480957,-0.04599979519844055,-0.21828162670135498,-0.0487900972366333,-0.2597624659538269,-0.034870803356170654,-0.2045239806175232,-0.029460608959197998,-0.18828213214874268,A
0.0,0.0,0.06542733311653137,-0.03877836465835571,0.12559658288955688,-0.1110343337059021,0.18126851320266724,-0.17388242483139038,0.2308574914932251,-0.19798076152801514,0.09184971451759338,-0.23586562275886536,0.08730071783065796,-0.2966378927230835,0.0823550820350647,-0.21455508470535278,0.08361145853996277,-0.19268089532852173,0.042450278997421265,-0.23675253987312317,0.04132270812988281,-0.2872779369354248,0.04499968886375427,-0.19069772958755493,0.0476229190826416,-0.19188988208770752,-0.004294037818908691,-0.22992223501205444,-0.00484195351600647,-0.27979618310928345,0.003589719533920288,-0.19412946701049805,0.008345335721969604,-0.19048762321472168,-0.048112690448760986,-0.21697604656219482,-0.05087482929229736,-0.25838834047317505,-0.036675333976745605,-0.20272868871688843,-0.030992984771728516,-0.18696200847625732,A
0.0,0.0,0.06602868437767029,-0.04410386085510254,0.1285848319530487,-0.11744862794876099,0.187494158744812,-0.18274927139282227,0.23859018087387085,-0.2073836326599121,0.09596490859985352,-0.2507888972759247,0.08893287181854248,-0.30081993341445923,0.08374536037445068,-0.21924155950546265,0.08721232414245605,-0.2085580825805664,0.042023152112960815,-0.2473786473274231,0.04219144582748413,-0.2937542498111725,0.04379832744598389,-0.19358497858047485,0.04718124866485596,-0.2079792022705078,-0.008110523223876953,-0.2386312484741211,-0.006692707538604736,-0.2839401662349701,0.0015238523483276367,-0.2006325125694275,0.008855998516082764,-0.20693236589431763,-0.05148997902870178,-0.2244737148284912,-0.0537659227848053,-0.2599257826805115,-0.03739982843399048,-0.20740187168121338,-0.029498130083084106,-0.19814163446426392,A
0.0,0.0,0.0658593475818634,-0.03992646932601929,0.12827157974243164,-0.11199605464935303,0.18668335676193237,-0.17540329694747925,0.23782867193222046,-0.19931864738464355,0.09447386860847473,-0.24541038274765015,0.08864980936050415,-0.30273881554603577,0.08410763740539551,-0.2185003161430359,0.08782327175140381,-0.20049893856048584,0.04365187883377075,-0.24526649713516235,0.0427837073802948,-0.2931899428367615,0.0460602343082428,-0.194871723651886,0.051275283098220825,-0.20057755708694458,-0.0035771727561950684,-0.23771899938583374,-0.005003154277801514,-0.2855461537837982,0.00277024507522583,-0.20007860660552979,0.011954665184020996,-0.19951343536376953,-0.04687938094139099,-0.22478842735290527,-0.05261451005935669,-0.2646454870700836,-0.037818074226379395,-0.21033406257629395,-0.02791649103164673,-0.19578707218170166,A
0.0,0.0,0.06923660635948181,-0.03774213790893555,0.1312442123889923,-0.1113235354423523,0.18790295720100403,-0.17923617362976074,0.2392752468585968,-0.20569592714309692,0.10139822959899902,-0.24342167377471924,0.09368515014648438,-0.3130912482738495,0.08676493167877197,-0.2297658920288086,0.08988505601882935,-0.20118027925491333,0.051156193017959595,-0.24558979272842407,0.04688829183578491,-0.30375444889068604,0.048854321241378784,-0.20311444997787476,0.05447003245353699,-0.1970716118812561,0.002498030662536621,-0.239810049533844,0.0014084279537200928,-0.29771921038627625,0.007686823606491089,-0.20862364768981934,0.0130482017993927,-0.19733679294586182,-0.0444963276386261,-0.22802114486694336,-0.04735296964645386,-0.27945205569267273,-0.03450503945350647,-0.22047460079193115,-0.028133749961853027,-0.19862598180770874,A
0.0,0.0,0.06884130835533142,-0.03970837593078613,0.13195276260375977,-0.11344468593597412,0.18978846073150635,-0.17836672067642212,0.23981118202209473,-0.20424962043762207,0.10209253430366516,-0.2467765212059021,0.09613916277885437,-0.31294727325439453,0.08860442042350769,-0.22918659448623657,0.08971697092056274,-0.20021456480026245,0.05072006583213806,-0.25066500902175903,0.04961121082305908,-0.3070600926876068,0.05062985420227051,-0.20460617542266846,0.05444261431694031,-0.19829177856445312,0.0021331310272216797,-0.2451188564300537,0.0014677047729492188,-0.30085131525993347,0.008471488952636719,-0.2105807065963745,0.013719558715820312,-0.1986498236656189,-0.043519437313079834,-0.23171192407608032,-0.0470336377620697,-0.2804572582244873,-0.033133089542388916,-0.2213667631149292,-0.026224523782730103,-0.20055508613586426,A
0.0,0.0,0.067954421043396,-0.040239572525024414,0.13088423013687134,-0.11486107110977173,0.18934136629104614,-0.18050611019134521,0.23967838287353516,-0.20697003602981567,0.1006428599357605,-0.2511681914329529,0.09443628787994385,-0.3164767622947693,0.08769139647483826,-0.23178189992904663,0.09007877111434937,-0.20440185070037842,0.04913651943206787,-0.254058301448822,0.0482843816280365,-0.3091169595718384,0.04926225543022156,-0.2065257430076599,0.05407097935676575,-0.20309317111968994,0.00029784440994262695,-0.24808484315872192,-0.00038295984268188477,-0.30265069007873535,0.006817430257797241,-0.21280145645141602,0.013586312532424927,-0.20276588201522827,-0.04520818591117859,-0.23437809944152832,-0.04935351014137268,-0.2828211784362793,-0.03497186303138733,-0.22550421953201294,-0.027061671018600464,-0.20538777112960815,A
0.0,0.0,0.07014483213424683,-0.04002702236175537,0.13395756483078003,-0.11641103029251099,0.19159042835235596,-0.182869553565979,0.2420722246170044,-0.2090563178062439,0.1041925847530365,-0.24680429697036743,0.09870761632919312,-0.3152904510498047,0.08961781859397888,-0.23203039169311523,0.09255421161651611,-0.2023971676826477,0.05353090167045593,-0.2509668469429016,0.05343008041381836,-0.3101193308830261,0.05113828182220459,-0.20833098888397217,0.056830763816833496,-0.20264816284179688,0.004698991775512695,-0.24588638544082642,0.005821138620376587,-0.306018590927124,0.008933454751968384,-0.21583479642868042,0.014332801103591919,-0.2039901614189148,-0.04227688908576965,-0.23317110538482666,-0.04383018612861633,-0.28415656089782715,-0.032006800174713135,-0.2257278561592102,-0.025864243507385254,-0.20341092348098755,A
0.0,0.0,0.06900167465209961,-0.03906911611557007,0.13267070055007935,-0.11493760347366333,0.19083952903747559,-0.18183910846710205,0.24058598279953003,-0.2105724811553955,0.10141947865486145,-0.24639493227005005,0.09769916534423828,-0.31462374329566956,0.0907410979270935,-0.2301771640777588,0.09139561653137207,-0.19874495267868042,0.05083867907524109,-0.25084859132766724,0.049987465143203735,-0.3080253005027771,0.05096018314361572,-0.2044314742088318,0.05471324920654297,-0.19740509986877441,0.0023212730884552,-0.2449457049369812,0.0021366477012634277,-0.30214986205101013,0.009006261825561523,-0.2099502682685852,0.013935297727584839,-0.1970071792602539,-0.0448266863822937,-0.23151719570159912,-0.048599570989608765,-0.2810385823249817,-0.03414532542228699,-0.22176742553710938,-0.026964575052261353,-0.1999344825744629,A
0.0,0.0,0.06816098093986511,-0.036573171615600586,0.13121122121810913,-0.11163407564163208,0.19064486026763916,-0.17575275897979736,0.23967820405960083,-0.2022024393081665,0.09893086552619934,-0.2363269329071045,0.09499740600585938,-0.3004147708415985,0.08654522895812988,-0.21706229448318481,0.08798989653587341,-0.1938619613647461,0.0482124388217926,-0.23963665962219238,0.04720768332481384,-0.2925143539905548,0.04827386140823364,-0.19283825159072876,0.05352264642715454,-0.19276249408721924,-0.00018069148063659668,-0.232987642288208,-0.00014147162437438965,-0.28479695320129395,0.006528794765472412,-0.19791418313980103,0.013959050178527832,-0.19303542375564575,-0.045766979455947876,-0.22084379196166992,-0.04854261875152588,-0.26282161474227905,-0.036015450954437256,-0.20725905895233154,-0.02903580665588379,-0.19050699472427368,A
0.0,0.0,0.06777724623680115,-0.03701680898666382,0.13067784905433655,-0.10956186056137085,0.18884924054145813,-0.17341959476470947,0.23805353045463562,-0.2004278302192688,0.09916651248931885,-0.23659998178482056,0.09487417340278625,-0.29840508103370667,0.08861410617828369,-0.21417081356048584,0.09050554037094116,-0.19172441959381104,0.04888734221458435,-0.2396019697189331,0.04821193218231201,-0.29055002331733704,0.050061821937561035,-0.19151359796524048,0.05421164631843567,-0.19185268878936768,0.0010733306407928467,-0.23344790935516357,8.785724639892578e-05,-0.2828066051006317,0.007562071084976196,-0.1953873634338379,0.01538228988647461,-0.19005322456359863,-0.04362890124320984,-0.221022367477417,-0.04910597205162048,-0.26262471079826355,-0.0342484712600708,-0.20635414123535156,-0.02462911605834961,-0.18880432844161987,A
0.0,0.0,0.06632760167121887,-0.04073166847229004,0.12845513224601746,-0.11306113004684448,0.18697264790534973,-0.17566907405853271,0.23556992411613464,-0.20173794031143188,0.09484413266181946,-0.2397846281528473,0.0901869535446167,-0.29751724004745483,0.08513903617858887,-0.21369141340255737,0.08744201064109802,-0.19377851486206055,0.044247567653656006,-0.24112966656684875,0.044145673513412476,-0.2884833514690399,0.046943843364715576,-0.19101089239120483,0.0508558452129364,-0.19449341297149658,-0.003229081630706787,-0.23335319757461548,-0.0035584867000579834,-0.2799418568611145,0.004572182893753052,-0.19504839181900024,0.012765496969223022,-0.1912638545036316,-0.04662171006202698,-0.2198372483253479,-0.051849424839019775,-0.2580142617225647,-0.03654518723487854,-0.2049141526222229,-0.027096420526504517,-0.18945962190628052,A
0.0,0.0,0.06330880522727966,-0.034390151500701904,0.11995396018028259,-0.10349243879318237,0.1748884618282318,-0.16721057891845703,0.22466543316841125,-0.19132429361343384,0.08732321858406067,-0.226681649684906,0.07937753200531006,-0.2796393632888794,0.07365009188652039,-0.20596280694007874,0.0791812539100647,-0.19272059202194214,0.040216147899627686,-0.22745120525360107,0.03536689281463623,-0.27451205253601074,0.03834426403045654,-0.18258589506149292,0.044908881187438965,-0.18539953231811523,-0.004951953887939453,-0.22106075286865234,-0.00959867238998413,-0.26497530937194824,-0.002045363187789917,-0.18466854095458984,0.007789433002471924,-0.18632441759109497,-0.047529131174087524,-0.210077166557312,-0.053442955017089844,-0.24603009223937988,-0.04098087549209595,-0.19229000806808472,-0.03302496671676636,-0.1793980598449707,A
0.0,0.0,0.06353700160980225,-0.033230602741241455,0.12082922458648682,-0.10382533073425293,0.17120873928070068,-0.1667448878288269,0.2168152928352356,-0.19204965233802795,0.08692663908004761,-0.22774362564086914,0.07928848266601562,-0.28518545627593994,0.0756402313709259,-0.20584124326705933,0.07810735702514648,-0.18231165409088135,0.03931906819343567,-0.228081613779068,0.03494173288345337,-0.2772703766822815,0.039641231298446655,-0.1816716194152832,0.04447624087333679,-0.17974179983139038,-0.0051756203174591064,-0.22101518511772156,-0.009898930788040161,-0.26811683177948,-0.0005040168762207031,-0.18507713079452515,0.007308274507522583,-0.18044841289520264,-0.0471244752407074,-0.2087191641330719,-0.053663790225982666,-0.2472885251045227,-0.04005366563796997,-0.1932642161846161,-0.03186136484146118,-0.17818033695220947,A
0.0,0.0,0.062306493520736694,-0.03479588031768799,0.12004104256629944,-0.10557514429092407,0.1700376570224762,-0.16969984769821167,0.21598568558692932,-0.19393855333328247,0.08597218990325928,-0.23122289776802063,0.07844504714012146,-0.2861366271972656,0.07481178641319275,-0.20554545521736145,0.07731866836547852,-0.18494904041290283,0.03778207302093506,-0.23130473494529724,0.03437891602516174,-0.27927783131599426,0.03886502981185913,-0.18342095613479614,0.042776405811309814,-0.18334603309631348,-0.00668942928314209,-0.22384706139564514,-0.010216057300567627,-0.26827073097229004,-0.0013757050037384033,-0.18610358238220215,0.005590379238128662,-0.18389731645584106,-0.04791155457496643,-0.21148359775543213,-0.05306097865104675,-0.24833953380584717,-0.039344459772109985,-0.1945527195930481,-0.03132355213165283,-0.1809437870979309,A
0.0,0.0,0.06346526741981506,-0.037381768226623535,0.12029287219047546,-0.10790258646011353,0.17269542813301086,-0.1759105920791626,0.21960589289665222,-0.20245182514190674,0.0872839093208313,-0.23611193895339966,0.07858219742774963,-0.28886234760284424,0.07400420308113098,-0.2092154622077942,0.07810086011886597,-0.1899462342262268,0.037756264209747314,-0.23403722047805786,0.033093541860580444,-0.28318965435028076,0.03627690672874451,-0.18479275703430176,0.04201209545135498,-0.18742531538009644,-0.008380204439163208,-0.22624307870864868,-0.012020677328109741,-0.27271151542663574,-0.003332465887069702,-0.19052904844284058,0.004435062408447266,-0.19002997875213623,-0.05098685622215271,-0.21310579776763916,-0.056353479623794556,-0.24849268794059753,-0.04173055291175842,-0.1959172487258911,-0.032906532287597656,-0.1842108964920044,A
0.0,0.0,0.06338641047477722,-0.040216028690338135,0.12056604027748108,-0.1119651198387146,0.17203566431999207,-0.17841976881027222,0.21906611323356628,-0.20428478717803955,0.08596852421760559,-0.23931699991226196,0.07696279883384705,-0.29705122113227844,0.07333925366401672,-0.2165316343307495,0.07637497782707214,-0.19254642724990845,0.036936819553375244,-0.2386370599269867,0.03285112977027893,-0.2884847819805145,0.03799012303352356,-0.1922779679298401,0.042929261922836304,-0.18979787826538086,-0.008578836917877197,-0.23016583919525146,-0.013576000928878784,-0.2799026668071747,-0.0034257471561431885,-0.1967458724975586,0.004227727651596069,-0.1898699402809143,-0.050149619579315186,-0.21489420533180237,-0.05824911594390869,-0.25598180294036865,-0.042672812938690186,-0.2037825584411621,-0.033144474029541016,-0.18802130222320557,A
0.0,0.0,0.06415712833404541,-0.0410194993019104,0.12189382314682007,-0.11418157815933228,0.17380636930465698,-0.1814049482345581,0.22094839811325073,-0.2082095742225647,0.08698570728302002,-0.24199625849723816,0.07814761996269226,-0.30165043473243713,0.07431119680404663,-0.22074779868125916,0.07747292518615723,-0.19582557678222656,0.03775531053543091,-0.2415294349193573,0.0337061882019043,-0.2930893898010254,0.03880566358566284,-0.19599580764770508,0.044240325689315796,-0.1929832100868225,-0.008123725652694702,-0.23320162296295166,-0.012545645236968994,-0.28471294045448303,-0.0027615725994110107,-0.2013380527496338,0.004815101623535156,-0.19370049238204956,-0.050233393907547,-0.21858248114585876,-0.05758911371231079,-0.26170945167541504,-0.04252907633781433,-0.20957797765731812,-0.03339642286300659,-0.19305968284606934,A
0.0,0.0,0.06751912832260132,-0.0454220175743103,0.12740883231163025,-0.12218165397644043,0.18482860922813416,-0.19570374488830566,0.2340310513973236,-0.22690659761428833,0.09029534459114075,-0.2542480230331421,0.08171674609184265,-0.3171652853488922,0.07945764064788818,-0.23219037055969238,0.08338984847068787,-0.2040804624557495,0.03781929612159729,-0.25224149227142334,0.03398925065994263,-0.30884212255477905,0.03958633542060852,-0.20355439186096191,0.0445115864276886,-0.19864803552627563,-0.011974155902862549,-0.24280434846878052,-0.013818830251693726,-0.29959234595298767,-0.00325697660446167,-0.20951539278030396,0.00516846776008606,-0.19631874561309814,-0.05703616142272949,-0.22615015506744385,-0.06256967782974243,-0.27163273096084595,-0.044627100229263306,-0.21353137493133545,-0.033475011587142944,-0.19344496726989746,A
0.0,0.0,0.06789562106132507,-0.044616103172302246,0.1281934380531311,-0.12499797344207764,0.1832970380783081,-0.1966063380241394,0.23423826694488525,-0.22600537538528442,0.09294754266738892,-0.25828301906585693,0.08179265260696411,-0.3225708603858948,0.07737046480178833,-0.2357696294784546,0.08102062344551086,-0.21027714014053345,0.039404481649398804,-0.25739026069641113,0.03390395641326904,-0.3130466639995575,0.03926879167556763,-0.20935022830963135,0.0447312593460083,-0.20636969804763794,-0.010449737310409546,-0.24800729751586914,-0.01581329107284546,-0.3047516942024231,-0.005196750164031982,-0.21449095010757446,0.0027150213718414307,-0.20601677894592285,-0.05607938766479492,-0.23174965381622314,-0.06378316879272461,-0.2775053381919861,-0.04770013689994812,-0.2209872603416443,-0.038270652294158936,-0.20374172925949097,A
0.0,0.0,0.06980341672897339,-0.04215502738952637,0.13140255212783813,-0.13071370124816895,0.1899450421333313,-0.20715296268463135,0.2437102198600769,-0.23636704683303833,0.0937732458114624,-0.268559992313385,0.0821692943572998,-0.3392038345336914,0.07871022820472717,-0.25096726417541504,0.08199355006217957,-0.22025561332702637,0.03694811463356018,-0.26713132858276367,0.03155198693275452,-0.32801544666290283,0.03840911388397217,-0.21823549270629883,0.04437932372093201,-0.21529364585876465,-0.015785276889801025,-0.25678253173828125,-0.01991218328475952,-0.31752926111221313,-0.007837265729904175,-0.2231859564781189,-0.0011178553104400635,-0.2138480544090271,-0.06328874826431274,-0.23982888460159302,-0.06842923164367676,-0.2868822515010834,-0.05254527926445007,-0.22947460412979126,-0.04507654905319214,-0.21347230672836304,A
0.0,0.0,0.07078087329864502,-0.04973644018173218,0.1339927315711975,-0.14007288217544556,0.19313770532608032,-0.21858441829681396,0.24765139818191528,-0.24983066320419312,0.09422370791435242,-0.28293246030807495,0.08136078715324402,-0.3519183397293091,0.0805881917476654,-0.25726205110549927,0.08574497699737549,-0.23029208183288574,0.03735220432281494,-0.28013747930526733,0.031093686819076538,-0.3402087986469269,0.039457231760025024,-0.22941136360168457,0.04513189196586609,-0.2280626893043518,-0.015611469745635986,-0.26860320568084717,-0.02183207869529724,-0.3288865089416504,-0.007838547229766846,-0.2320156693458557,0.001990765333175659,-0.2232545018196106,-0.06323248147964478,-0.24959218502044678,-0.0725470781326294,-0.29666903614997864,-0.05450895428657532,-0.2367537021636963,-0.04354214668273926,-0.2194831371307373,A
0.0,0.0,0.07105883955955505,-0.048856496810913086,0.13443630933761597,-0.1423819661140442,0.19419491291046143,-0.22253650426864624,0.24899184703826904,-0.25504201650619507,0.09297990798950195,-0.2863306403160095,0.0798393189907074,-0.35708871483802795,0.07804185152053833,-0.2620316743850708,0.08325937390327454,-0.23237484693527222,0.03592795133590698,-0.2834838032722473,0.028002560138702393,-0.34522557258605957,0.03643321990966797,-0.23170745372772217,0.04355427622795105,-0.2275984287261963,-0.01728108525276184,-0.27149736881256104,-0.0250551700592041,-0.33211660385131836,-0.010757923126220703,-0.2331984043121338,-0.0003420114517211914,-0.22391223907470703,-0.06615373492240906,-0.2519766092300415,-0.07760477066040039,-0.3011707663536072,-0.058573752641677856,-0.2402127981185913,-0.04620209336280823,-0.22165250778198242,A
0.0,0.0,0.07775303721427917,-0.051452040672302246,0.14658543467521667,-0.1492922306060791,0.21010085940361023,-0.23249173164367676,0.26644930243492126,-0.26372450590133667,0.10134199261665344,-0.293782114982605,0.09105417132377625,-0.3621821403503418,0.08715400099754333,-0.2689412832260132,0.09004423022270203,-0.23368799686431885,0.04101639986038208,-0.2956426739692688,0.035456061363220215,-0.35797402262687683,0.04131096601486206,-0.24193227291107178,0.04596331715583801,-0.23445868492126465,-0.015415281057357788,-0.28313690423965454,-0.021092474460601807,-0.34774041175842285,-0.008410751819610596,-0.24671316146850586,-0.0029354989528656006,-0.2319301962852478,-0.06829360127449036,-0.2618374824523926,-0.0761277973651886,-0.3131293058395386,-0.05642160773277283,-0.2516353130340576,-0.04596823453903198,-0.23214411735534668,A
0.0,0.0,0.07860362529754639,-0.05133628845214844,0.1496182680130005,-0.1527654528617859,0.21313709020614624,-0.235945463180542,0.27183157205581665,-0.26622557640075684,0.10141366720199585,-0.2988061308860779,0.09671270847320557,-0.3759509325027466,0.09241312742233276,-0.27758508920669556,0.09329158067703247,-0.24396997690200806,0.041657060384750366,-0.300372838973999,0.0388636589050293,-0.3652714788913727,0.04401743412017822,-0.2464296817779541,0.0477234423160553,-0.24219995737075806,-0.014187097549438477,-0.28872913122177124,-0.015584617853164673,-0.35417187213897705,-0.004687756299972534,-0.2510654330253601,0.0001232624053955078,-0.24122846126556396,-0.06715887784957886,-0.2687184810638428,-0.07177358865737915,-0.32051336765289307,-0.05447843670845032,-0.2572318911552429,-0.04733937978744507,-0.2379339337348938,A
0.0,0.0,0.08363339304924011,-0.05158144235610962,0.15835675597190857,-0.15162920951843262,0.22405603528022766,-0.2330303192138672,0.27859827876091003,-0.26355165243148804,0.11010971665382385,-0.30216312408447266,0.11737331748008728,-0.37754714488983154,0.10849973559379578,-0.2773580551147461,0.10127171874046326,-0.24543744325637817,0.04795214533805847,-0.30502212047576904,0.05857768654823303,-0.36728668212890625,0.05882623791694641,-0.2402716875076294,0.05184921622276306,-0.2380717396736145,-0.011308908462524414,-0.29227590560913086,-0.0017086565494537354,-0.35291531682014465,0.008137702941894531,-0.24715381860733032,0.0028294026851654053,-0.24144548177719116,-0.067708820104599,-0.2701711654663086,-0.06253927946090698,-0.3246631622314453,-0.04371166229248047,-0.25783640146255493,-0.04339250922203064,-0.23958206176757812,A
0.0,0.0,0.08743298053741455,-0.05555272102355957,0.16262024641036987,-0.15754663944244385,0.22728729248046875,-0.2357851266860962,0.28662872314453125,-0.26438212394714355,0.11195439100265503,-0.30565184354782104,0.12220698595046997,-0.3824889659881592,0.11386233568191528,-0.2785400152206421,0.10740125179290771,-0.24937474727630615,0.0508386492729187,-0.310641348361969,0.06436729431152344,-0.3757428526878357,0.0638313889503479,-0.25295984745025635,0.05597078800201416,-0.24773246049880981,-0.00761076807975769,-0.2982456386089325,0.004472911357879639,-0.3638848662376404,0.013136208057403564,-0.2559981346130371,0.007384240627288818,-0.2451409101486206,-0.06287109851837158,-0.27624064683914185,-0.055200397968292236,-0.33144235610961914,-0.03703427314758301,-0.26347506046295166,-0.03894111514091492,-0.24327993392944336,A
0.0,0.0,0.08708107471466064,-0.059175193309783936,0.1661737561225891,-0.16037249565124512,0.23402678966522217,-0.2359161376953125,0.2928842306137085,-0.2644668221473694,0.11554652452468872,-0.3118151128292084,0.1283358335494995,-0.38384106755256653,0.11875665187835693,-0.2798103094100952,0.11097455024719238,-0.25461798906326294,0.05360591411590576,-0.3176229000091553,0.07097601890563965,-0.3760606348514557,0.0698665976524353,-0.254863977432251,0.06036651134490967,-0.2548235058784485,-0.0053320229053497314,-0.303415447473526,0.009820163249969482,-0.36652854084968567,0.019192874431610107,-0.26072120666503906,0.012539207935333252,-0.252808153629303,-0.060634493827819824,-0.27941644191741943,-0.05021721124649048,-0.3319227397441864,-0.030015021562576294,-0.2672092914581299,-0.032568514347076416,-0.2505226731300354,A
0.0,0.0,0.08899670839309692,-0.058622121810913086,0.16787534952163696,-0.16220176219940186,0.239629328250885,-0.23526954650878906,0.2975156307220459,-0.2687985301017761,0.11676716804504395,-0.3098738193511963,0.13858520984649658,-0.381357342004776,0.12618929147720337,-0.27729880809783936,0.11303257942199707,-0.2569918632507324,0.05500119924545288,-0.3168647885322571,0.081728994846344,-0.3778958320617676,0.07676059007644653,-0.255718469619751,0.059534549713134766,-0.25603967905044556,-0.0033478736877441406,-0.3017383813858032,0.018266737461090088,-0.3645855188369751,0.02608245611190796,-0.25841617584228516,0.012735486030578613,-0.25265902280807495,-0.05853566527366638,-0.27887147665023804,-0.04196876287460327,-0.32991552352905273,-0.02104240655899048,-0.262877881526947,-0.02764362096786499,-0.24831682443618774,A
0.0,0.0,0.09225291013717651,-0.05929923057556152,0.1718795895576477,-0.1658671498298645,0.2388097643852234,-0.23987895250320435,0.2979167103767395,-0.2686464786529541,0.11907351016998291,-0.3128695785999298,0.13785898685455322,-0.38471752405166626,0.1260196566581726,-0.27802741527557373,0.11582106351852417,-0.2522827982902527,0.05734652280807495,-0.31901660561561584,0.08243536949157715,-0.3756101727485657,0.07950699329376221,-0.2523960471153259,0.06622225046157837,-0.25159138441085815,-0.0013603568077087402,-0.3049759864807129,0.019012868404388428,-0.3650968670845032,0.02741241455078125,-0.2558366060256958,0.01687687635421753,-0.24821031093597412,-0.055291593074798584,-0.281400203704834,-0.0406569242477417,-0.3318856358528137,-0.020155906677246094,-0.26286816596984863,-0.02804744243621826,-0.2476205825805664,A
0.0,0.0,0.0899200439453125,-0.058966100215911865,0.16652518510818481,-0.16827982664108276,0.23204576969146729,-0.24208998680114746,0.2905448079109192,-0.2691381573677063,0.11474651098251343,-0.3075290024280548,0.13212436437606812,-0.3844245672225952,0.1219668984413147,-0.2800033986568451,0.11216044425964355,-0.24719476699829102,0.05385774374008179,-0.3123810291290283,0.07579708099365234,-0.37355953454971313,0.07494562864303589,-0.2496342658996582,0.06313526630401611,-0.24152815341949463,-0.0043280720710754395,-0.29826319217681885,0.01324695348739624,-0.36155933141708374,0.022632181644439697,-0.2514159083366394,0.013328135013580322,-0.23879754543304443,-0.058462679386138916,-0.2748328149318695,-0.04387611150741577,-0.32822662591934204,-0.023923873901367188,-0.25860488414764404,-0.03112691640853882,-0.24040639400482178,A
0.0,0.0,0.08468908071517944,-0.061385929584503174,0.1590086817741394,-0.15213942527770996,0.22098278999328613,-0.2286313772201538,0.27267682552337646,-0.26109954714775085,0.11146277189254761,-0.2871907651424408,0.1174473762512207,-0.36226487159729004,0.10921066999435425,-0.26429980993270874,0.10502362251281738,-0.23627907037734985,0.05479174852371216,-0.2906900644302368,0.06282913684844971,-0.3496021032333374,0.06396842002868652,-0.23403143882751465,0.05814248323440552,-0.22996675968170166,-0.00025767087936401367,-0.2797139883041382,0.007500052452087402,-0.342489629983902,0.015929222106933594,-0.23998737335205078,0.011770546436309814,-0.22888481616973877,-0.05490630865097046,-0.260748028755188,-0.047148168087005615,-0.3114534914493561,-0.0331341028213501,-0.2456188201904297,-0.03679001331329346,-0.22559666633605957,A
0.0,0.0,0.08217307925224304,-0.054454922676086426,0.1543463170528412,-0.14802855253219604,0.21479830145835876,-0.22048687934875488,0.2674003541469574,-0.24907654523849487,0.10950931906700134,-0.28324151039123535,0.11755368113517761,-0.35859358310699463,0.10932537913322449,-0.2583441436290741,0.10397109389305115,-0.2305474877357483,0.05131581425666809,-0.2860111594200134,0.06168356537818909,-0.3480248749256134,0.06360277533531189,-0.2309296727180481,0.056773632764816284,-0.22648406028747559,-0.003944903612136841,-0.27447521686553955,0.005241602659225464,-0.335846871137619,0.0150165855884552,-0.23402607440948486,0.010614901781082153,-0.2238970398902893,-0.05559167265892029,-0.2544158101081848,-0.0486203134059906,-0.3059309422969818,-0.03147995471954346,-0.24268865585327148,-0.034464240074157715,-0.2237263321876526,A
0.0,0.0,0.0738832950592041,-0.0585939884185791,0.13895118236541748,-0.1383933424949646,0.20112067461013794,-0.2118270993232727,0.25329160690307617,-0.24324947595596313,0.09701454639434814,-0.27347487211227417,0.09503835439682007,-0.33536872267723083,0.08948105573654175,-0.2469010055065155,0.09231561422348022,-0.2268781065940857,0.04362434148788452,-0.27099770307540894,0.045600682497024536,-0.32996392250061035,0.048379480838775635,-0.22396999597549438,0.052437007427215576,-0.2265302538871765,-0.006305128335952759,-0.25892210006713867,-0.0033663511276245117,-0.317141056060791,0.005371004343032837,-0.2247486114501953,0.010131686925888062,-0.22067517042160034,-0.05219122767448425,-0.23867195844650269,-0.05473962426185608,-0.28530028462409973,-0.03909122943878174,-0.22862595319747925,-0.03460240364074707,-0.21156275272369385,A
0.0,0.0,0.06937354803085327,-0.04615175724029541,0.13181906938552856,-0.1337815523147583,0.18949025869369507,-0.2072628140449524,0.2403739094734192,-0.2358568012714386,0.09216135740280151,-0.26231688261032104,0.08920049667358398,-0.33198583126068115,0.08511662483215332,-0.2407236397266388,0.08663100004196167,-0.2120075821876526,0.038634687662124634,-0.26310843229293823,0.03894272446632385,-0.32111066579818726,0.04339027404785156,-0.21127015352249146,0.04529482126235962,-0.20765364170074463,-0.011089175939559937,-0.2532883882522583,-0.011316150426864624,-0.3059222102165222,-0.0008085966110229492,-0.21399813890457153,0.003448992967605591,-0.20799553394317627,-0.05703490972518921,-0.23658591508865356,-0.06102705001831055,-0.28211724758148193,-0.04439324140548706,-0.22604048252105713,-0.03811231255531311,-0.20893388986587524,A
0.0,0.0,0.06929799914360046,-0.047387778759002686,0.12991341948509216,-0.13083308935165405,0.18392738699913025,-0.2038440704345703,0.2340792715549469,-0.23203536868095398,0.09165069460868835,-0.261910617351532,0.08202090859413147,-0.32547062635421753,0.07915350794792175,-0.235782653093338,0.08454236388206482,-0.20747780799865723,0.03789892792701721,-0.261538028717041,0.03335148096084595,-0.31794217228889465,0.0389573872089386,-0.2104281783103943,0.044751882553100586,-0.20378506183624268,-0.011519581079483032,-0.2510370910167694,-0.01608791947364807,-0.30258709192276,-0.00538286566734314,-0.2133924961090088,0.002342790365219116,-0.20583122968673706,-0.05685415863990784,-0.23337924480438232,-0.06445658206939697,-0.27795839309692383,-0.0477394163608551,-0.22323596477508545,-0.038076579570770264,-0.2062135934829712,A
0.0,0.0,0.06593045592308044,-0.047555744647979736,0.12424051761627197,-0.12905490398406982,0.17726802825927734,-0.2019944190979004,0.22733688354492188,-0.2302612066268921,0.08634710311889648,-0.2593885362148285,0.07510137557983398,-0.32146739959716797,0.07336544990539551,-0.23483824729919434,0.07894742488861084,-0.2061777114868164,0.03354635834693909,-0.257784903049469,0.027643591165542603,-0.31224799156188965,0.034214556217193604,-0.20740258693695068,0.04088446497917175,-0.20192939043045044,-0.014572888612747192,-0.24671009182929993,-0.02056834101676941,-0.2966389060020447,-0.008986949920654297,-0.21005767583847046,-4.139542579650879e-05,-0.20288485288619995,-0.05831843614578247,-0.2285982370376587,-0.06824499368667603,-0.27207329869270325,-0.051244258880615234,-0.2195407748222351,-0.040228426456451416,-0.2034357190132141,A
0.0,0.0,0.06399419903755188,-0.04942762851715088,0.11574998497962952,-0.12231606245040894,0.16496220231056213,-0.19248825311660767,0.21029862761497498,-0.22454479336738586,0.07648035883903503,-0.24130794405937195,0.06040528416633606,-0.3052663803100586,0.06143951416015625,-0.2274911105632782,0.0708061158657074,-0.19553488492965698,0.02869817614555359,-0.2383984923362732,0.017442911863327026,-0.2950950562953949,0.026137948036193848,-0.19840389490127563,0.03765791654586792,-0.1891971230506897,-0.014791876077651978,-0.22699260711669922,-0.02487364411354065,-0.28345394134521484,-0.01278907060623169,-0.19880980253219604,4.1157007217407227e-05,-0.1841728687286377,-0.05523180961608887,-0.20854723453521729,-0.07096627354621887,-0.2538613975048065,-0.05447223782539368,-0.20139378309249878,-0.03964638710021973,-0.1788722276687622,A
0.0,0.0,0.062445104122161865,-0.04091691970825195,0.11219912767410278,-0.1171879768371582,0.15861082077026367,-0.1868516206741333,0.20516127347946167,-0.21872985363006592,0.07468786835670471,-0.2384423017501831,0.05961748957633972,-0.2998085618019104,0.05952572822570801,-0.2228425145149231,0.06642383337020874,-0.18940889835357666,0.026699334383010864,-0.23408424854278564,0.01510569453239441,-0.2888551652431488,0.024113476276397705,-0.19180911779403687,0.03430300951004028,-0.17883074283599854,-0.01718306541442871,-0.22252175211906433,-0.02819007635116577,-0.2744079828262329,-0.015164971351623535,-0.19130027294158936,-0.00342559814453125,-0.17683863639831543,-0.05772411823272705,-0.20525673031806946,-0.07097131013870239,-0.24782663583755493,-0.05533137917518616,-0.19432002305984497,-0.042964160442352295,-0.17531615495681763,A
0.0,0.0,0.061432212591171265,-0.03792470693588257,0.10980191826820374,-0.11036676168441772,0.1535395085811615,-0.17716652154922485,0.19711533188819885,-0.2078528106212616,0.07388025522232056,-0.2263014316558838,0.057836055755615234,-0.2865217328071594,0.05721965432167053,-0.21224036812782288,0.06614026427268982,-0.18121761083602905,0.027154892683029175,-0.22198420763015747,0.0149250328540802,-0.2755109667778015,0.022675156593322754,-0.18166077136993408,0.034488528966903687,-0.17086046934127808,-0.01472628116607666,-0.21178194880485535,-0.0261211097240448,-0.2604960501194,-0.015383034944534302,-0.1823498010635376,-0.0023137032985687256,-0.1719544529914856,-0.053007930517196655,-0.19694563746452332,-0.0666026771068573,-0.23588818311691284,-0.053081780672073364,-0.18532586097717285,-0.04038456082344055,-0.16821974515914917,A
0.0,0.0,0.06166112422943115,-0.03993785381317139,0.11043146252632141,-0.11156636476516724,0.1533643901348114,-0.17894208431243896,0.19614937901496887,-0.20768746733665466,0.07307064533233643,-0.2253543734550476,0.05715116858482361,-0.28386637568473816,0.05644881725311279,-0.2127174735069275,0.06447157263755798,-0.18207424879074097,0.02732899785041809,-0.22134530544281006,0.01470831036567688,-0.2727268934249878,0.02189117670059204,-0.18420147895812988,0.033608436584472656,-0.17291134595870972,-0.013720333576202393,-0.2108123004436493,-0.02593386173248291,-0.2588810622692108,-0.016075193881988525,-0.18591797351837158,-0.0032231509685516357,-0.17337816953659058,-0.05089336633682251,-0.1961633265018463,-0.06465640664100647,-0.2355598509311676,-0.05224800109863281,-0.1883733868598938,-0.039117902517318726,-0.1712939739227295,A
0.0,0.0,0.06063506007194519,-0.03815382719039917,0.10889095067977905,-0.10666322708129883,0.15210551023483276,-0.17408066987991333,0.1952555775642395,-0.20404145121574402,0.07386747002601624,-0.22266334295272827,0.057423561811447144,-0.279862642288208,0.05613031983375549,-0.20916831493377686,0.06524953246116638,-0.17867153882980347,0.028033167123794556,-0.2188442051410675,0.014925509691238403,-0.2691158056259155,0.021881312131881714,-0.1799517273902893,0.03517669439315796,-0.1715070605278015,-0.012707531452178955,-0.20874792337417603,-0.02498871088027954,-0.2560555934906006,-0.015333414077758789,-0.18384438753128052,-0.001651376485824585,-0.17384856939315796,-0.04940882325172424,-0.19410079717636108,-0.06371429562568665,-0.23182350397109985,-0.051551640033721924,-0.18550843000411987,-0.03823196887969971,-0.16974210739135742,A
0.0,0.0,0.05705636739730835,-0.046653032302856445,0.1038464903831482,-0.11236900091171265,0.14871418476104736,-0.17789900302886963,0.19004684686660767,-0.20628446340560913,0.0670480728149414,-0.22169333696365356,0.05038934946060181,-0.2767009139060974,0.05096876621246338,-0.20730769634246826,0.06320768594741821,-0.18397581577301025,0.024217039346694946,-0.21266254782676697,0.01142030954360962,-0.26252615451812744,0.01936858892440796,-0.17581301927566528,0.03457865118980408,-0.17303776741027832,-0.014552980661392212,-0.20172148942947388,-0.02542167901992798,-0.24929797649383545,-0.015365183353424072,-0.17663174867630005,-0.00020778179168701172,-0.16924774646759033,-0.04995226860046387,-0.18597453832626343,-0.06347271800041199,-0.2239699363708496,-0.0498659610748291,-0.17858755588531494,-0.03626936674118042,-0.16068035364151,A
0.0,0.0,0.05518099665641785,-0.03783947229385376,0.09966853260993958,-0.10606366395950317,0.14039257168769836,-0.17112505435943604,0.18246206641197205,-0.20044812560081482,0.06672939658164978,-0.2156510353088379,0.04858997464179993,-0.2736620306968689,0.04816699028015137,-0.20388031005859375,0.05959346890449524,-0.17716211080551147,0.023450583219528198,-0.2091503143310547,0.00945812463760376,-0.2601216733455658,0.016250967979431152,-0.17297756671905518,0.030325353145599365,-0.16752153635025024,-0.015532821416854858,-0.19972819089889526,-0.02826419472694397,-0.24498558044433594,-0.01871436834335327,-0.17272627353668213,-0.0035796761512756348,-0.16728055477142334,-0.05123695731163025,-0.18656623363494873,-0.0655575692653656,-0.2241068184375763,-0.05384102463722229,-0.1773790717124939,-0.04103368520736694,-0.16241812705993652,A
0.0,0.0,0.05414766073226929,-0.03704935312271118,0.09782016277313232,-0.10427981615066528,0.1377924382686615,-0.16686278581619263,0.17781350016593933,-0.19604361057281494,0.06366202235221863,-0.21074271202087402,0.04682189226150513,-0.2676696181297302,0.046880483627319336,-0.199075847864151,0.05627933144569397,-0.1723092794418335,0.02104640007019043,-0.2041751742362976,0.0077307820320129395,-0.25543272495269775,0.01538810133934021,-0.17022204399108887,0.027604132890701294,-0.16320651769638062,-0.017397046089172363,-0.19447654485702515,-0.02957579493522644,-0.24133515357971191,-0.019188880920410156,-0.17004525661468506,-0.0061914920806884766,-0.16201364994049072,-0.0526774525642395,-0.18122661113739014,-0.06603038311004639,-0.22086814045906067,-0.05350056290626526,-0.17444700002670288,-0.041782915592193604,-0.15700089931488037,A
0.0,0.0,0.053189873695373535,-0.03739196062088013,0.09544932842254639,-0.10240185260772705,0.13482248783111572,-0.16359293460845947,0.17293161153793335,-0.19450965523719788,0.06201431155204773,-0.2073061466217041,0.04673317074775696,-0.2621617317199707,0.04711788892745972,-0.19732913374900818,0.05478128790855408,-0.16890138387680054,0.021187812089920044,-0.20244014263153076,0.008128315210342407,-0.2500329613685608,0.016926884651184082,-0.16865402460098267,0.028558015823364258,-0.1601879596710205,-0.016567468643188477,-0.19171187281608582,-0.028398871421813965,-0.2388395071029663,-0.016807764768600464,-0.16869419813156128,-0.005054593086242676,-0.15644681453704834,-0.05192309617996216,-0.17587769031524658,-0.06615033745765686,-0.21468770503997803,-0.051679521799087524,-0.1716352105140686,-0.03926253318786621,-0.15405791997909546,A
0.0,0.0,0.05355268716812134,-0.0363994836807251,0.09616303443908691,-0.10123950242996216,0.13524580001831055,-0.16187530755996704,0.17351949214935303,-0.19206088781356812,0.06327271461486816,-0.20523729920387268,0.04723253846168518,-0.26092100143432617,0.04729434847831726,-0.19589146971702576,0.05491587519645691,-0.167832612991333,0.022003382444381714,-0.20004555583000183,0.00863233208656311,-0.24989786744117737,0.017317920923233032,-0.1679953932762146,0.02850237488746643,-0.15758097171783447,-0.01585620641708374,-0.1896093189716339,-0.027755409479141235,-0.2359633445739746,-0.01628357172012329,-0.1659412384033203,-0.0047457218170166016,-0.15435415506362915,-0.05089029669761658,-0.17433077096939087,-0.06406620144844055,-0.21308434009552002,-0.05082356929779053,-0.1678287386894226,-0.039504408836364746,-0.1504022479057312,A
0.0,0.0,0.05509728193283081,-0.03441232442855835,0.09905290603637695,-0.10110586881637573,0.13808777928352356,-0.16192877292633057,0.1764468252658844,-0.19092237949371338,0.06492963433265686,-0.20309913158416748,0.049797892570495605,-0.2590324580669403,0.04910159111022949,-0.19472059607505798,0.057345449924468994,-0.16521203517913818,0.023266255855560303,-0.19861286878585815,0.010789602994918823,-0.24902188777923584,0.017915010452270508,-0.16625183820724487,0.030019313097000122,-0.15330511331558228,-0.014450430870056152,-0.1893957555294037,-0.026198774576187134,-0.23395851254463196,-0.015971004962921143,-0.16412943601608276,-0.0032071471214294434,-0.15122079849243164,-0.04896774888038635,-0.17610573768615723,-0.061106473207473755,-0.21335110068321228,-0.04941287636756897,-0.16698670387268066,-0.03785344958305359,-0.14903074502944946,A
0.0,0.0,0.056255042552948,-0.03557693958282471,0.10096603631973267,-0.10053616762161255,0.14234614372253418,-0.16116994619369507,0.1814524233341217,-0.1884588599205017,0.06630942225456238,-0.20106452703475952,0.05095773935317993,-0.2604526877403259,0.04941129684448242,-0.19582217931747437,0.05804097652435303,-0.16432851552963257,0.0241604745388031,-0.19825446605682373,0.01303979754447937,-0.2497572898864746,0.019275516271591187,-0.16677367687225342,0.03169122338294983,-0.15676909685134888,-0.014039397239685059,-0.18930035829544067,-0.02363768219947815,-0.23953896760940552,-0.014196425676345825,-0.16744571924209595,-0.0022438764572143555,-0.15432357788085938,-0.04929691553115845,-0.17389321327209473,-0.05975300073623657,-0.21618199348449707,-0.04791346192359924,-0.16984373331069946,-0.03732272982597351,-0.14955806732177734,A
0.0,0.0,0.05723443627357483,-0.034716248512268066,0.10239312052726746,-0.0992860198020935,0.1435115933418274,-0.16111278533935547,0.18251672387123108,-0.18977868556976318,0.069527268409729,-0.20533400774002075,0.053617924451828,-0.26182547211647034,0.0529402494430542,-0.19648173451423645,0.062406718730926514,-0.16589903831481934,0.02611398696899414,-0.2012893557548523,0.013448178768157959,-0.2518553137779236,0.0203191339969635,-0.1669846773147583,0.03253701329231262,-0.15570300817489624,-0.012856632471084595,-0.19132274389266968,-0.023803144693374634,-0.23998874425888062,-0.013914316892623901,-0.16994434595108032,-0.0023033618927001953,-0.15723437070846558,-0.048332005739212036,-0.1760663390159607,-0.06109175086021423,-0.21725451946258545,-0.048881351947784424,-0.17216593027114868,-0.0376647412776947,-0.15360361337661743,A
0.0,0.0,0.057808876037597656,-0.04280644655227661,0.10543742775917053,-0.10368692874908447,0.1494104564189911,-0.16639041900634766,0.18878060579299927,-0.19623053073883057,0.07404497265815735,-0.20850524306297302,0.05415263772010803,-0.26789966225624084,0.055119097232818604,-0.20029830932617188,0.06704181432723999,-0.17199963331222534,0.03124949336051941,-0.20241811871528625,0.016287177801132202,-0.2547636032104492,0.023747652769088745,-0.16976547241210938,0.03845643997192383,-0.1619139313697815,-0.007648557424545288,-0.19278645515441895,-0.01857057213783264,-0.24372598528862,-0.009392619132995605,-0.17048704624176025,0.005072474479675293,-0.15593665838241577,-0.043181538581848145,-0.1773914098739624,-0.05746319890022278,-0.2207162082195282,-0.04460662603378296,-0.17217707633972168,-0.030649036169052124,-0.1488376259803772,A
0.0,0.0,0.05696704983711243,-0.036659181118011475,0.10396131873130798,-0.1009073257446289,0.14666563272476196,-0.16437268257141113,0.18523818254470825,-0.19657957553863525,0.07552996277809143,-0.20980101823806763,0.05592644214630127,-0.26928263902664185,0.05618411302566528,-0.19922477006912231,0.06741249561309814,-0.1703634262084961,0.03204989433288574,-0.2052357792854309,0.016872316598892212,-0.2578585147857666,0.023701399564743042,-0.17066025733947754,0.03781694173812866,-0.16173404455184937,-0.007335186004638672,-0.1963181495666504,-0.020308643579483032,-0.24472534656524658,-0.010944604873657227,-0.17155855894088745,0.004657089710235596,-0.15860515832901,-0.04217952489852905,-0.18197691440582275,-0.057114601135253906,-0.22132796049118042,-0.04513922333717346,-0.17326056957244873,-0.031418025493621826,-0.15357810258865356,A
0.0,0.0,0.0565776526927948,-0.037313759326934814,0.10241192579269409,-0.10151344537734985,0.14476272463798523,-0.1643071174621582,0.18363648653030396,-0.1962069571018219,0.07340195775032043,-0.2087114155292511,0.053888291120529175,-0.26706457138061523,0.05492901802062988,-0.19836485385894775,0.06542038917541504,-0.16886579990386963,0.03005063533782959,-0.20483356714248657,0.01493990421295166,-0.25827956199645996,0.022250890731811523,-0.17230385541915894,0.035542845726013184,-0.16171175241470337,-0.009579956531524658,-0.19575291872024536,-0.021783947944641113,-0.24498844146728516,-0.012235164642333984,-0.1724095344543457,0.0020214617252349854,-0.15836817026138306,-0.044620007276535034,-0.18049108982086182,-0.05895715951919556,-0.22236257791519165,-0.04682603478431702,-0.174277663230896,-0.03401583433151245,-0.1534569263458252,A
0.0,0.0,0.05654755234718323,-0.038316309452056885,0.10035908222198486,-0.102999746799469,0.14197388291358948,-0.16478615999221802,0.18048521876335144,-0.19490256905555725,0.06695160269737244,-0.20048925280570984,0.05169832706451416,-0.25677409768104553,0.05227774381637573,-0.19787240028381348,0.061830759048461914,-0.16595005989074707,0.024865657091140747,-0.19870328903198242,0.012559771537780762,-0.2503703236579895,0.018251001834869385,-0.16953089833259583,0.029974520206451416,-0.15966802835464478,-0.013143688440322876,-0.18974542617797852,-0.023608535528182983,-0.23886096477508545,-0.015109002590179443,-0.17214882373809814,-0.00635683536529541,-0.15996259450912476,-0.048942893743515015,-0.1742880642414093,-0.06016603112220764,-0.21642541885375977,-0.04814499616622925,-0.17522189021110535,-0.03965654969215393,-0.15779930353164673,A
0.0,0.0,0.055260270833969116,-0.040943145751953125,0.09867128729820251,-0.10420441627502441,0.1395249366760254,-0.16202813386917114,0.17674598097801208,-0.19034984707832336,0.06647604703903198,-0.20427465438842773,0.05107101798057556,-0.25948625802993774,0.05067944526672363,-0.19782039523124695,0.059222519397735596,-0.1647213101387024,0.025714755058288574,-0.20184749364852905,0.013686567544937134,-0.2514999508857727,0.019751280546188354,-0.17177903652191162,0.0316413938999176,-0.15728050470352173,-0.012195825576782227,-0.19177189469337463,-0.022266656160354614,-0.24039113521575928,-0.013902842998504639,-0.1738254427909851,-0.003969252109527588,-0.15800923109054565,-0.047605931758880615,-0.17507696151733398,-0.059165507555007935,-0.21776390075683594,-0.04764142632484436,-0.17689833045005798,-0.03819018602371216,-0.15678757429122925,A
0.0,0.0,0.05429452657699585,-0.03704148530960083,0.09847944974899292,-0.09982466697692871,0.13891205191612244,-0.15741181373596191,0.17510318756103516,-0.18681174516677856,0.06572064757347107,-0.2013540267944336,0.05173715949058533,-0.25524434447288513,0.05121117830276489,-0.19370505213737488,0.05756199359893799,-0.1614086627960205,0.025158733129501343,-0.20007365942001343,0.013914763927459717,-0.24877199530601501,0.02063247561454773,-0.16927680373191833,0.030287593603134155,-0.1534966230392456,-0.012645632028579712,-0.19053077697753906,-0.02230292558670044,-0.23671486973762512,-0.012838393449783325,-0.1693895161151886,-0.004358470439910889,-0.15299248695373535,-0.048202306032180786,-0.1749059557914734,-0.05794459581375122,-0.21493926644325256,-0.046161919832229614,-0.17246711254119873,-0.037654876708984375,-0.15349823236465454,A
0.0,0.0,0.054278284311294556,-0.03977155685424805,0.09883388876914978,-0.10271799564361572,0.1385447084903717,-0.16027691960334778,0.17424961924552917,-0.18836522102355957,0.06557226181030273,-0.19498351216316223,0.05526691675186157,-0.24869230389595032,0.05392387509346008,-0.18749386072158813,0.0599653422832489,-0.15691611170768738,0.026949554681777954,-0.19453907012939453,0.01764276623725891,-0.2427373230457306,0.02222546935081482,-0.16735056042671204,0.029379457235336304,-0.15135177969932556,-0.009399890899658203,-0.1847608983516693,-0.016865640878677368,-0.23076188564300537,-0.01012769341468811,-0.16346892714500427,-0.0044405460357666016,-0.14675137400627136,-0.044194966554641724,-0.16838541626930237,-0.051386743783950806,-0.20815974473953247,-0.041290849447250366,-0.16467192769050598,-0.034998148679733276,-0.14599275588989258,A
0.0,0.0,0.05188712477684021,-0.04050326347351074,0.09415543079376221,-0.09873467683792114,0.13333505392074585,-0.15307247638702393,0.16816335916519165,-0.18067732453346252,0.06323060393333435,-0.19305461645126343,0.05007985234260559,-0.24600428342819214,0.05072396993637085,-0.1865902841091156,0.05757427215576172,-0.15505924820899963,0.025175780057907104,-0.19173648953437805,0.015068024396896362,-0.23882415890693665,0.02191898226737976,-0.1634124517440796,0.03114140033721924,-0.14770296216011047,-0.010365396738052368,-0.18204927444458008,-0.019191265106201172,-0.22794348001480103,-0.010013580322265625,-0.16331598162651062,-0.001560598611831665,-0.1443668007850647,-0.04362589120864868,-0.16597896814346313,-0.055106401443481445,-0.20594194531440735,-0.042710840702056885,-0.1657697558403015,-0.032929927110672,-0.1448778212070465,A
0.0,0.0,0.05230763554573059,-0.03730976581573486,0.09529218077659607,-0.09756821393966675,0.13354724645614624,-0.15148311853408813,0.1671345829963684,-0.17863225936889648,0.062420934438705444,-0.1903097927570343,0.05110257863998413,-0.24423488974571228,0.05148935317993164,-0.1835019290447235,0.056948304176330566,-0.1522178053855896,0.02478519082069397,-0.18921899795532227,0.015764981508255005,-0.23562127351760864,0.022817254066467285,-0.1601855456829071,0.030735552310943604,-0.14494040608406067,-0.01032760739326477,-0.1801079511642456,-0.01826426386833191,-0.22591781616210938,-0.009005427360534668,-0.16070908308029175,-0.0023735463619232178,-0.14306986331939697,-0.04402467608451843,-0.1649450659751892,-0.05335679650306702,-0.204723060131073,-0.04130309820175171,-0.16362905502319336,-0.03364720940589905,-0.14315500855445862,A
0.0,0.0,0.05267360806465149,-0.03832995891571045,0.0961698591709137,-0.09644478559494019,0.13611021637916565,-0.1504286825656891,0.17098215222358704,-0.1759084165096283,0.06540966033935547,-0.18374687433242798,0.057960838079452515,-0.23740628361701965,0.056182801723480225,-0.17893195152282715,0.060039013624191284,-0.1481172740459442,0.028789937496185303,-0.18490642309188843,0.02263280749320984,-0.2326938509941101,0.026309460401535034,-0.1602669358253479,0.030672162771224976,-0.14148372411727905,-0.005552619695663452,-0.17610988020896912,-0.010564088821411133,-0.22274067997932434,-0.00426870584487915,-0.15638956427574158,-0.001393735408782959,-0.1351984441280365,-0.038619399070739746,-0.1601864993572235,-0.04407349228858948,-0.20158952474594116,-0.033286452293395996,-0.15868088603019714,-0.028038382530212402,-0.13759544491767883,A
0.0,0.0,0.05178999900817871,-0.0342564582824707,0.0951324999332428,-0.09091538190841675,0.13432714343070984,-0.14318063855171204,0.16834017634391785,-0.16999760270118713,0.0659027099609375,-0.18044492602348328,0.05733582377433777,-0.2339996099472046,0.056088775396347046,-0.17483070492744446,0.0582636296749115,-0.1441192328929901,0.028932631015777588,-0.1820303201675415,0.023253828287124634,-0.22977164387702942,0.028163433074951172,-0.1550407111644745,0.03180471062660217,-0.13718250393867493,-0.006059467792510986,-0.1747153103351593,-0.010574281215667725,-0.21935439109802246,-0.0024615824222564697,-0.15295517444610596,0.0005748569965362549,-0.13240325450897217,-0.039871156215667725,-0.1611255407333374,-0.04600456357002258,-0.20293936133384705,-0.03397366404533386,-0.16082099080085754,-0.027706652879714966,-0.1388128399848938,A
0.0,0.0,0.05243954062461853,-0.03376990556716919,0.09534156322479248,-0.09024077653884888,0.13483023643493652,-0.14360195398330688,0.16902828216552734,-0.16932326555252075,0.0675414502620697,-0.1795353889465332,0.059116750955581665,-0.2337300181388855,0.05706319212913513,-0.17630675435066223,0.05983704328536987,-0.14524707198143005,0.030162036418914795,-0.18096929788589478,0.02436348795890808,-0.22916528582572937,0.028225064277648926,-0.15517544746398926,0.0319819450378418,-0.13505104184150696,-0.005339384078979492,-0.17296072840690613,-0.009008973836898804,-0.21892720460891724,-0.0014715194702148438,-0.15214237570762634,0.0025759637355804443,-0.12967351078987122,-0.039370954036712646,-0.15826797485351562,-0.04484549164772034,-0.20013919472694397,-0.03340959548950195,-0.15693780779838562,-0.026539206504821777,-0.1352669894695282,A
0.0,0.0,0.05225628614425659,-0.03174358606338501,0.09537911415100098,-0.08618900179862976,0.1342889666557312,-0.13947084546089172,0.16844803094863892,-0.1671777367591858,0.06641620397567749,-0.1797756552696228,0.0598907470703125,-0.2337016463279724,0.05908367037773132,-0.1736341416835785,0.06054002046585083,-0.14104023575782776,0.028399616479873657,-0.18110689520835876,0.023394465446472168,-0.22786948084831238,0.02854698896408081,-0.1512652337551117,0.032110393047332764,-0.13174113631248474,-0.006963878870010376,-0.1729939579963684,-0.010432451963424683,-0.21688175201416016,-0.0019266009330749512,-0.149481862783432,0.0019308030605316162,-0.1286393105983734,-0.04018571972846985,-0.1573229730129242,-0.046773284673690796,-0.1982724666595459,-0.03447568416595459,-0.1546878218650818,-0.027249693870544434,-0.13268035650253296,A
0.0,0.0,0.05263763666152954,-0.033665478229522705,0.09544166922569275,-0.08656293153762817,0.1341327726840973,-0.13819897174835205,0.16846588253974915,-0.16484004259109497,0.066619873046875,-0.1797897219657898,0.059277236461639404,-0.23412925004959106,0.05922272801399231,-0.17414236068725586,0.060637593269348145,-0.1415092647075653,0.028805196285247803,-0.1810164451599121,0.02320888638496399,-0.2288275957107544,0.028981387615203857,-0.15303131937980652,0.03234007954597473,-0.13245517015457153,-0.006514370441436768,-0.17259448766708374,-0.010332077741622925,-0.2174372375011444,-0.0013025104999542236,-0.15051054954528809,0.002533257007598877,-0.12820059061050415,-0.039629727602005005,-0.15678316354751587,-0.046479642391204834,-0.1980815827846527,-0.03372853994369507,-0.15535399317741394,-0.026224285364151,-0.13301190733909607,A
0.0,0.0,0.054118603467941284,-0.02878206968307495,0.09895375370979309,-0.08513879776000977,0.13885650038719177,-0.13798093795776367,0.1736886203289032,-0.16302841901779175,0.06761187314987183,-0.17655593156814575,0.06343376636505127,-0.23562049865722656,0.060342222452163696,-0.1757536232471466,0.060848087072372437,-0.1395951807498932,0.02984672784805298,-0.17841443419456482,0.026566416025161743,-0.2323545217514038,0.030216991901397705,-0.1562170684337616,0.03269463777542114,-0.13034451007843018,-0.006243795156478882,-0.1705847680568695,-0.007952004671096802,-0.2193511426448822,-0.0008578598499298096,-0.15080860257148743,0.00132027268409729,-0.12526845932006836,-0.040908366441726685,-0.1559596061706543,-0.044444531202316284,-0.20147153735160828,-0.03317815065383911,-0.15617042779922485,-0.02875491976737976,-0.13110971450805664,A
0.0,0.0,0.05463552474975586,-0.03097909688949585,0.09966403245925903,-0.08756217360496521,0.13951462507247925,-0.13841894268989563,0.17397958040237427,-0.1636446714401245,0.06850454211235046,-0.18104809522628784,0.06349882483482361,-0.2378181517124176,0.06208711862564087,-0.17685014009475708,0.06202292442321777,-0.1411329209804535,0.030485093593597412,-0.18325719237327576,0.026235908269882202,-0.23495888710021973,0.03080207109451294,-0.15762868523597717,0.032587409019470215,-0.13296997547149658,-0.006033837795257568,-0.17558816075325012,-0.00883626937866211,-0.22425076365470886,-0.0003400444984436035,-0.15360480546951294,0.0015839338302612305,-0.12791889905929565,-0.04157555103302002,-0.16005313396453857,-0.04538121819496155,-0.20384910702705383,-0.032683491706848145,-0.15798288583755493,-0.027296125888824463,-0.13343897461891174,A
0.0,0.0,0.054809361696243286,-0.033496975898742676,0.09927710890769958,-0.08965876698493958,0.14093652367591858,-0.1418572962284088,0.17558619379997253,-0.1675216555595398,0.07035854458808899,-0.1865416169166565,0.06613734364509583,-0.24384650588035583,0.06290903687477112,-0.18213766813278198,0.06308037042617798,-0.1462763547897339,0.0310518741607666,-0.18863904476165771,0.028549402952194214,-0.23820394277572632,0.031830281019210815,-0.15892177820205688,0.03401091694831848,-0.13611558079719543,-0.00619661808013916,-0.18096810579299927,-0.007060438394546509,-0.2306714951992035,0.00042381882667541504,-0.15839684009552002,0.0022365450859069824,-0.1324247121810913,-0.04151067137718201,-0.165561705827713,-0.04234477877616882,-0.2095087766647339,-0.03168445825576782,-0.16266921162605286,-0.027927398681640625,-0.13864538073539734,A
0.0,0.0,0.05600130558013916,-0.03731068968772888,0.10060659050941467,-0.09240055084228516,0.1438034474849701,-0.14547178149223328,0.18021532893180847,-0.17091411352157593,0.06954231858253479,-0.1880764663219452,0.06556934118270874,-0.24864986538887024,0.06259346008300781,-0.18842846155166626,0.06345811486244202,-0.15114477276802063,0.029956847429275513,-0.19051635265350342,0.027782410383224487,-0.2437305450439453,0.030840307474136353,-0.16469037532806396,0.03342124819755554,-0.13986736536026,-0.007549464702606201,-0.1822916865348816,-0.008401483297348022,-0.23473313450813293,-0.0006327629089355469,-0.1630312204360962,0.002041041851043701,-0.13553014397621155,-0.042903512716293335,-0.16545370221138,-0.045927226543426514,-0.214141845703125,-0.032890766859054565,-0.16823190450668335,-0.02704259753227234,-0.14196977019309998,A
0.0,0.0,0.05731043219566345,-0.04008626937866211,0.10313564538955688,-0.0927046537399292,0.14512687921524048,-0.14454543590545654,0.1801099181175232,-0.1706632375717163,0.0718454122543335,-0.19122081995010376,0.06693777441978455,-0.2500845193862915,0.0655355453491211,-0.18752890825271606,0.0658908486366272,-0.14937511086463928,0.031847238540649414,-0.1945360004901886,0.028301090002059937,-0.24741916358470917,0.03308483958244324,-0.16766417026519775,0.03580400347709656,-0.14037802815437317,-0.006242513656616211,-0.18568256497383118,-0.008008062839508057,-0.23682284355163574,0.00042372941970825195,-0.1652384102344513,0.003424316644668579,-0.13598468899726868,-0.04188549518585205,-0.1670701503753662,-0.045128703117370605,-0.21626690030097961,-0.03201708197593689,-0.1700960099697113,-0.02524542808532715,-0.14382633566856384,A
0.0,0.0,0.061116963624954224,-0.04794478416442871,0.10636430978775024,-0.09923267364501953,0.15042859315872192,-0.15370503067970276,0.18649893999099731,-0.18052786588668823,0.07274043560028076,-0.19912031292915344,0.07042261958122253,-0.2586492896080017,0.0665399432182312,-0.19667699933052063,0.06802713871002197,-0.1571853756904602,0.03234955668449402,-0.2038365602493286,0.02989673614501953,-0.2552012950181961,0.03232252597808838,-0.17336729168891907,0.037558168172836304,-0.14516854286193848,-0.005942106246948242,-0.19479358196258545,-0.0057097673416137695,-0.24359145760536194,6.142258644104004e-05,-0.17176178097724915,0.004189640283584595,-0.14398857951164246,-0.041373103857040405,-0.17516407370567322,-0.04209229350090027,-0.22451099753379822,-0.030659526586532593,-0.1768484115600586,-0.02525186538696289,-0.15237227082252502,A
0.0,0.0,0.057774245738983154,-0.03580433130264282,0.10636937618255615,-0.09455135464668274,0.14827454090118408,-0.14932870864868164,0.18535882234573364,-0.17537033557891846,0.07419243454933167,-0.19768428802490234,0.06876304745674133,-0.2586364448070526,0.06558549404144287,-0.192690908908844,0.0669628381729126,-0.15223640203475952,0.03249278664588928,-0.20044103264808655,0.02828279137611389,-0.2563266456127167,0.03175473213195801,-0.17305421829223633,0.03666761517524719,-0.14543509483337402,-0.0067931413650512695,-0.19219964742660522,-0.008647441864013672,-0.2448442578315735,-0.0013248324394226074,-0.17123675346374512,0.0026901960372924805,-0.14187553524971008,-0.04386836290359497,-0.1751500964164734,-0.04772248864173889,-0.22531306743621826,-0.03522193431854248,-0.17846158146858215,-0.02806428074836731,-0.14992251992225647,A
0.0,0.0,0.05812942981719971,-0.03855699300765991,0.10715165734291077,-0.09697020053863525,0.1491299867630005,-0.15138840675354004,0.1865738034248352,-0.17671072483062744,0.0747573971748352,-0.19931694865226746,0.06766250729560852,-0.25944674015045166,0.06519901752471924,-0.19468089938163757,0.06724041700363159,-0.15500298142433167,0.033302485942840576,-0.20166319608688354,0.02705061435699463,-0.25753459334373474,0.03136134147644043,-0.175371915102005,0.03664267063140869,-0.14607223868370056,-0.006216526031494141,-0.19305020570755005,-0.009479552507400513,-0.24633076786994934,-0.0013615787029266357,-0.173927903175354,0.003412306308746338,-0.14217448234558105,-0.043106019496917725,-0.17568793892860413,-0.04744851589202881,-0.2271241545677185,-0.03476002812385559,-0.18145880103111267,-0.026907920837402344,-0.15170976519584656,A
0.0,0.0,0.058120518922805786,-0.03857722878456116,0.10953643918037415,-0.10353249311447144,0.15346354246139526,-0.16539141535758972,0.19206416606903076,-0.1951654553413391,0.07485529780387878,-0.20664569735527039,0.06456449627876282,-0.27035579085350037,0.062422752380371094,-0.20185303688049316,0.06738853454589844,-0.16341882944107056,0.032420337200164795,-0.20839139819145203,0.021496593952178955,-0.26422449946403503,0.025224626064300537,-0.1789799928665161,0.03273552656173706,-0.15471628308296204,-0.00740930438041687,-0.19929760694503784,-0.016233474016189575,-0.2490047812461853,-0.00795137882232666,-0.1760159730911255,-0.0005425810813903809,-0.15186458826065063,-0.04438623785972595,-0.18063315749168396,-0.053761184215545654,-0.22675514221191406,-0.0403745174407959,-0.17877337336540222,-0.03044837713241577,-0.1523580551147461,A
0.0,0.0,0.058517515659332275,-0.04204678535461426,0.10758709907531738,-0.10583320260047913,0.1525341272354126,-0.16727077960968018,0.19229894876480103,-0.19721969962120056,0.07424861192703247,-0.21136194467544556,0.06066852807998657,-0.2706530690193176,0.060278087854385376,-0.20401999354362488,0.06670549511909485,-0.16572776436805725,0.030750274658203125,-0.20978936553001404,0.018955767154693604,-0.2631909251213074,0.0259854793548584,-0.17639020085334778,0.03516140580177307,-0.15524324774742126,-0.00924268364906311,-0.20003637671470642,-0.017883241176605225,-0.25293707847595215,-0.007862567901611328,-0.17763227224349976,0.00023493170738220215,-0.15085384249687195,-0.046314775943756104,-0.1829095482826233,-0.05570092797279358,-0.2261980175971985,-0.041225284337997437,-0.17682123184204102,-0.030712783336639404,-0.15089908242225647,A
0.0,0.0,0.057404518127441406,-0.041844844818115234,0.10370352864265442,-0.10634666681289673,0.14631199836730957,-0.17196309566497803,0.1846780776977539,-0.20587366819381714,0.06784158945083618,-0.21227261424064636,0.053117454051971436,-0.27668845653533936,0.05247184634208679,-0.20806100964546204,0.060860276222229004,-0.16942396759986877,0.025910496711730957,-0.20890897512435913,0.011654943227767944,-0.26601269841194153,0.017859339714050293,-0.17812156677246094,0.03081175684928894,-0.15944167971611023,-0.013034284114837646,-0.19884851574897766,-0.025358617305755615,-0.25168269872665405,-0.0156630277633667,-0.17437449097633362,-0.0028623640537261963,-0.15151876211166382,-0.049736201763153076,-0.18122932314872742,-0.06466197967529297,-0.2266562283039093,-0.050266146659851074,-0.17630892992019653,-0.03651121258735657,-0.1497175097465515,A
0.0,0.0,0.057137876749038696,-0.04405224323272705,0.10278069972991943,-0.1086764931678772,0.14392423629760742,-0.17330917716026306,0.18315017223358154,-0.20569711923599243,0.06995108723640442,-0.2180200219154358,0.048938751220703125,-0.27600157260894775,0.05015638470649719,-0.20603802800178528,0.06162872910499573,-0.1758209764957428,0.02643933892250061,-0.21075013279914856,0.009270817041397095,-0.26632159948349,0.017786651849746704,-0.17722958326339722,0.03238213062286377,-0.1624898612499237,-0.013227373361587524,-0.19906973838806152,-0.026974022388458252,-0.2511870563030243,-0.015796303749084473,-0.1753697395324707,-0.0002893507480621338,-0.1556859314441681,-0.048857420682907104,-0.18216931819915771,-0.06447511911392212,-0.22425267100334167,-0.0495184063911438,-0.17410099506378174,-0.034104615449905396,-0.1499720811843872,A
0.0,0.0,0.05643293261528015,-0.043328940868377686,0.10124623775482178,-0.10873287916183472,0.1424206793308258,-0.1736057996749878,0.1811557114124298,-0.2071676254272461,0.06927883625030518,-0.21689960360527039,0.046680063009262085,-0.27640867233276367,0.04777422547340393,-0.20668041706085205,0.06079772114753723,-0.1762782633304596,0.025511741638183594,-0.20961534976959229,0.006817936897277832,-0.26535773277282715,0.014814555644989014,-0.1771017611026764,0.030893772840499878,-0.1624825894832611,-0.01397809386253357,-0.19847923517227173,-0.028838276863098145,-0.2517096996307373,-0.018334537744522095,-0.1759571135044098,-0.0017102360725402832,-0.15537148714065552,-0.04895183444023132,-0.18231895565986633,-0.0657329261302948,-0.22435858845710754,-0.0515231192111969,-0.1740177571773529,-0.035216063261032104,-0.14912468194961548,A
0.0,0.0,0.053472816944122314,-0.04202437400817871,0.09365761280059814,-0.10823661088943481,0.1355794370174408,-0.17500633001327515,0.1757366955280304,-0.20814406871795654,0.06385555863380432,-0.21232295036315918,0.041099369525909424,-0.2703002393245697,0.040733128786087036,-0.20371970534324646,0.05365145206451416,-0.17502504587173462,0.021901756525039673,-0.2044854462146759,0.0009452700614929199,-0.2591480612754822,0.00832638144493103,-0.17376533150672913,0.026388615369796753,-0.16209667921066284,-0.016146838665008545,-0.19305643439292908,-0.03431975841522217,-0.24137720465660095,-0.02383875846862793,-0.17026078701019287,-0.004942476749420166,-0.15554940700531006,-0.05032247304916382,-0.17804643511772156,-0.06962588429450989,-0.2176525890827179,-0.056212544441223145,-0.17185258865356445,-0.03859663009643555,-0.1513599455356598,A
